slug,category,title,path,summary_hint
classical,classical,§classical,knowledge-evolving/genre-dictionary/23_GENRE_FULLBODY/classical/classical.md,"Classical music is a tradition of written instrumental and vocal compositions spanning from approximately 1600 to the present day, characterized by complex harmonic structures, sophisticated compositional techniques, formal notation, and an emphasis on structural development. Unlike folk and popular"
opera,classical,§opera,knowledge-evolving/genre-dictionary/23_GENRE_FULLBODY/classical/opera.md,"Opera is the grand synthesis of Western artistic traditions: a dramatic form that unites vocal music, orchestral accompaniment, theatrical staging, and literary narrative into a single cohesive artwork. Born in late Renaissance Florence around 1600, opera emerged from humanist attempts to recreate a"
americana,country-folk,§americana,knowledge-evolving/genre-dictionary/23_GENRE_FULLBODY/country-folk/americana.md,"Americana is a roots-based musical genre that authentically blends country, folk, blues, and rock traditions into a distinctly American sound. Rooted in the musical heritage of rural America, Americana emphasizes strong songwriting, honest storytelling, and instrumental mastery over commercial produ"
bakersfield-sound,country-folk,§bakersfield-sound,knowledge-evolving/genre-dictionary/23_GENRE_FULLBODY/country-folk/bakersfield-sound.md,"The Bakersfield sound is a hard-edged, electric country style that emerged in the late 1950s and 1960s from Bakersfield, California — a dusty oil-and-agriculture town in the San Joaquin Valley that became an unlikely rival to Nashville's dominance. Fueled by Dust Bowl migrants who brought their Okie"
bluegrass,country-folk,§bluegrass,knowledge-evolving/genre-dictionary/23_GENRE_FULLBODY/country-folk/bluegrass.md,"Bluegrass emerged in the late 1940s when mandolinist Bill Monroe—the ""Father of Bluegrass""—crystallized a new sound from the Appalachian mountain music traditions he grew up with in Kentucky. Monroe's Blue Grass Boys, particularly the legendary 1946 lineup featuring Lester Flatt, Earl Scruggs, and C"
bro-country,country-folk,§bro-country,knowledge-evolving/genre-dictionary/23_GENRE_FULLBODY/country-folk/bro-country.md,"Bro-country is a commercially dominant strain of country music that emerged in the early 2010s, characterized by its fusion of country instrumentation with hip-hop production techniques, rock energy, and lyrics celebrating a specific lifestyle: trucks, tailgates, cold beer, back roads, tan legs, and"
celtic,country-folk,§celtic,knowledge-evolving/genre-dictionary/23_GENRE_FULLBODY/country-folk/celtic.md,"Celtic music is a broad family of folk music traditions rooted in the cultures of Northwestern Europe's Celtic nations: Ireland, Scotland, Wales, Brittany, Cornwall, Galicia, and the Isle of Man. The tradition stretches back centuries, with harpists and bards occupying central roles in Irish and Sco"
country,country-folk,§country,knowledge-evolving/genre-dictionary/23_GENRE_FULLBODY/country-folk/country.md,"Country music is a quintessentially American genre rooted in folk, blues, and gospel traditions of the rural South. Emerging in the 1920s from Appalachian mountain music and Western cowboy songs, country has evolved through decades of stylistic shifts—from the honky-tonk bars of the 1950s to the pol"
folk,country-folk,§folk,knowledge-evolving/genre-dictionary/23_GENRE_FULLBODY/country-folk/folk.md,"Folk music represents one of humanity's oldest musical traditions—the songs of common people, passed down through generations, evolving with each retelling. Emerging from oral traditions across cultures, Western folk crystallized as a distinct genre in the early 20th century when musicologists and c"
honky-tonk,country-folk,§honky-tonk,knowledge-evolving/genre-dictionary/23_GENRE_FULLBODY/country-folk/honky-tonk.md,"Honky-tonk is the raw, dance-hall-born sound that defined country music's golden era from the 1940s through the 1960s. Originating in the rowdy beer joints and dance halls of Texas and the American South, honky-tonk emerged as electrified country — louder instruments were needed to cut through noisy"
indie-folk,country-folk,§indie-folk,knowledge-evolving/genre-dictionary/23_GENRE_FULLBODY/country-folk/indie-folk.md,"Indie folk emerged in the late 1990s and early 2000s as a quiet rebellion against both the polished production of mainstream folk and the loud distortion of alternative rock. Drawing from traditional folk's acoustic intimacy and indie rock's DIY ethos, the genre carved out space for introspective st"
neotraditional-country,country-folk,§neotraditional-country,knowledge-evolving/genre-dictionary/23_GENRE_FULLBODY/country-folk/neotraditional-country.md,"Neotraditional country is the 1980s and 1990s movement that pulled country music back from the pop-crossover cliff of the Urban Cowboy era. By the early 1980s, country radio was dominated by string-laden, pop-produced tracks that bore little resemblance to the fiddle-and-steel tradition — and record"
outlaw-country,country-folk,§outlaw-country,knowledge-evolving/genre-dictionary/23_GENRE_FULLBODY/country-folk/outlaw-country.md,"Outlaw country emerged in the early 1970s as a direct rebellion against the tightly controlled Nashville Sound, where producers like Chet Atkins and Owen Bradley dictated arrangements, session musicians, and even song selection for artists. Rooted in honky-tonk, Western swing, rockabilly, and the Ba"
singer-songwriter,country-folk,§singer-songwriter,knowledge-evolving/genre-dictionary/23_GENRE_FULLBODY/country-folk/singer-songwriter.md,"Singer-songwriter is both a genre and a practice — artists who write and perform their own material, with the emphasis on the song itself rather than production, arrangement, or performance spectacle. While virtually all modern artists write their own songs, the singer-songwriter genre specifically "
western-swing,country-folk,§western-swing,knowledge-evolving/genre-dictionary/23_GENRE_FULLBODY/country-folk/western-swing.md,"Western swing is a uniquely American genre that fused country, jazz, blues, and big band music in the dance halls of 1930s and 1940s Texas and Oklahoma. Born from the innovation of bandleaders who wanted to make rural audiences dance to the same sophisticated rhythms they heard on jazz radio broadca"
2-step-garage,electronic-dance,§2-step-garage,knowledge-evolving/genre-dictionary/23_GENRE_FULLBODY/electronic-dance/2-step-garage.md,"2-step garage emerged in the late 1990s as a rhythmic evolution within the UK garage scene, breaking away from the steady four-on-the-floor kick patterns of speed garage toward a syncopated, skippy groove that shuffled and swung in unpredictable ways. The name ""2-step"" refers to the drum pattern's c"
acid-jazz,electronic-dance,§acid-jazz,knowledge-evolving/genre-dictionary/23_GENRE_FULLBODY/electronic-dance/acid-jazz.md,"Acid jazz emerged in London in the mid-to-late 1980s as a fusion of jazz improvisation, funk grooves, soul vocals, and electronic production. The term was coined by DJ Gilles Peterson and journalist Chris Bangs, initially as a tongue-in-cheek response to the acid house movement — while acid house wa"
ambient,electronic-dance,§ambient,knowledge-evolving/genre-dictionary/23_GENRE_FULLBODY/electronic-dance/ambient.md,"Ambient music is a genre of electronic and instrumental music characterized by atmospheric, textural soundscapes that prioritize tone, atmosphere, and timbre over traditional song structure, melody, or rhythm. The genre serves as a canvas for abstract emotion, environmental narrative, and sonic expe"
balearic,electronic-dance,§balearic,knowledge-evolving/genre-dictionary/23_GENRE_FULLBODY/electronic-dance/balearic.md,"Balearic beat (often shortened to Balearic) originated in the clubs of Ibiza, Spain, during the mid-1980s, defined not by a single sound but by an eclectic DJing philosophy that prioritized mood and atmosphere over genre boundaries. The term was coined to describe the anything-goes approach of DJs l"
bass-house,electronic-dance,§bass-house,knowledge-evolving/genre-dictionary/23_GENRE_FULLBODY/electronic-dance/bass-house.md,"Bass house emerged from the UK and US electronic underground in the early-to-mid 2010s, fusing the four-on-the-floor rhythmic framework of house music with the aggressive, distorted bass design of dubstep and UK bass. The genre's roots trace back to the cross-pollination of UK garage, speed garage, "
bassline,electronic-dance,§bassline,knowledge-evolving/genre-dictionary/23_GENRE_FULLBODY/electronic-dance/bassline.md,Bassline (also known as bassline house or niche) emerged from Sheffield's club scene around 2002-2003 as a regional mutation of UK garage and speed garage. DJs and producers in Sheffield's Niche nightclub — the genre's spiritual home — began stripping speed garage of its polished R&B vocals and repl
breakbeat,electronic-dance,§breakbeat,knowledge-evolving/genre-dictionary/23_GENRE_FULLBODY/electronic-dance/breakbeat.md,"Breakbeat is a broad family of electronic music built on syncopated, sampled drum patterns -- ""breaks"" -- lifted from funk, soul, and jazz recordings. The term traces back to the early 1970s, when hip-hop DJs like DJ Kool Herc isolated and looped the percussion-only sections of tracks like James Bro"
breakcore,electronic-dance,§breakcore,knowledge-evolving/genre-dictionary/23_GENRE_FULLBODY/electronic-dance/breakcore.md,"Breakcore emerged in the mid-1990s from the collision of jungle, hardcore techno, noise, and digital audio workstation experimentation. Rooted in the breakbeat-chopping traditions of drum and bass and jungle, breakcore pushed the concept to its logical extreme — mangling, splicing, and reassembling "
chillwave,electronic-dance,§chillwave,knowledge-evolving/genre-dictionary/23_GENRE_FULLBODY/electronic-dance/chillwave.md,"Chillwave emerged in 2009 as a distinctly internet-native genre, crystallizing on music blogs like Gorilla vs. Bear, Pitchfork, and Altered Zones. The term itself was initially satirical - coined by Carles of the blog Hipster Runoff to mock the proliferation of micro-genres - but quickly became the "
chiptune,electronic-dance,§chiptune,knowledge-evolving/genre-dictionary/23_GENRE_FULLBODY/electronic-dance/chiptune.md,"Chiptune (also called chip music or 8-bit music) originated in the early 1980s when musicians began using the sound chips of home computers and game consoles — the SID chip of the Commodore 64, the Ricoh 2A03 of the NES, and the Game Boy's custom audio processor — as intentional creative instruments"
deep-house,electronic-dance,§deep-house,knowledge-evolving/genre-dictionary/23_GENRE_FULLBODY/electronic-dance/deep-house.md,"Deep house emerged from the Chicago house scene in the mid-1980s as a more introspective, soulful counterpart to the raw energy of early house music. The subgenre's origins are attributed primarily to Larry Heard, who in 1984 recorded ""Can You Feel It,"" ""Mystery of Love,"" and ""Washing Machine"" withi"
drum-and-bass,electronic-dance,§drum-and-bass,knowledge-evolving/genre-dictionary/23_GENRE_FULLBODY/electronic-dance/drum-and-bass.md,"Drum and Bass (DnB) is a fast-tempo electronic music genre characterized by rapid breakbeats, heavy sub-bass lines, and syncopated rhythms typically ranging from 160-180 BPM. The genre emerged from the UK rave scene in the early 1990s, growing directly out of the hardcore and jungle movements that d"
dubstep,electronic-dance,§dubstep,knowledge-evolving/genre-dictionary/23_GENRE_FULLBODY/electronic-dance/dubstep.md,"Dubstep is a bass-heavy electronic music genre that emerged from the UK underground scene in the late 1990s and early 2000s, evolving from the sonic foundations of UK garage, 2-step, dub reggae, jungle, and grime. Characterized by syncopated rhythms, sub-bass frequencies that push the limits of huma"
edm,electronic-dance,§edm,knowledge-evolving/genre-dictionary/23_GENRE_FULLBODY/electronic-dance/edm.md,"Electronic Dance Music (EDM) is an umbrella term encompassing a vast array of electronically produced music genres designed primarily for dance-based entertainment. Rooted in the discotheques of the 1970s and the underground club scenes of Chicago, Detroit, and Europe in the 1980s, EDM evolved from "
electro,electronic-dance,§electro,knowledge-evolving/genre-dictionary/23_GENRE_FULLBODY/electronic-dance/electro.md,"Electro is an electronic music genre rooted in the fusion of synthesizers, drum machines, and funk rhythms that emerged in the early 1980s. The genre's lineage traces directly to Kraftwerk, whose albums *Trans-Europe Express* (1977) and *Computer World* (1981) provided the sonic blueprint — robotic "
electronic,electronic-dance,§electronic,knowledge-evolving/genre-dictionary/23_GENRE_FULLBODY/electronic-dance/electronic.md,"Electronic music encompasses a vast range of styles united by the use of electronic instruments, synthesizers, drum machines, and digital production techniques. The genre's roots trace back to the early 20th century with experimental composers like Karlheinz Stockhausen and Pierre Schaeffer's musiqu"
eurodance,electronic-dance,§eurodance,knowledge-evolving/genre-dictionary/23_GENRE_FULLBODY/electronic-dance/eurodance.md,"Eurodance is a form of electronic dance music that emerged from central Europe in the late 1980s and peaked commercially during the mid-1990s, when it dominated charts across Europe and achieved significant crossover success worldwide. The genre traces its roots to Germany, Belgium, Italy, and the N"
folktronica,electronic-dance,§folktronica,knowledge-evolving/genre-dictionary/23_GENRE_FULLBODY/electronic-dance/folktronica.md,"Folktronica emerged in the late 1990s and early 2000s as artists began merging acoustic folk instrumentation and songwriting traditions with electronic production techniques. The term describes a broad approach rather than a rigid template — the common thread is the juxtaposition of organic, hand-pl"
footwork,electronic-dance,§footwork,knowledge-evolving/genre-dictionary/23_GENRE_FULLBODY/electronic-dance/footwork.md,"Footwork originated in the mid-1990s on Chicago's South and West sides, evolving directly from ghetto house and juke music. The genre was inseparable from the dance form it accompanied — fast, intricate footwork dancing performed in competitive battle circles at events organized by crews and DJs. Pr"
future-bass,electronic-dance,§future-bass,knowledge-evolving/genre-dictionary/23_GENRE_FULLBODY/electronic-dance/future-bass.md,"Future bass is a style of electronic dance music that emerged in the early 2010s, blending elements of dubstep, EDM trap, synth-pop, and R&B into a warmer, more melodic alternative to the aggressive bass music dominating the scene at the time. The genre's roots trace back to the ""wonky"" electronic e"
future-funk,electronic-dance,§future-funk,knowledge-evolving/genre-dictionary/23_GENRE_FULLBODY/electronic-dance/future-funk.md,"Future funk emerged around 2012-2013 as a high-energy, dance-oriented evolution of vaporwave. Where vaporwave slowed and pitched down samples from 1980s and 1990s pop, smooth jazz, and elevator music to create an ironic commentary on consumer culture, future funk took a fundamentally different appro"
glitch-hop,electronic-dance,§glitch-hop,knowledge-evolving/genre-dictionary/23_GENRE_FULLBODY/electronic-dance/glitch-hop.md,"Glitch hop emerged in the late 2000s as producers began fusing glitch music's stuttering digital textures and broken-beat aesthetics with hip-hop's rhythmic backbone and bass music's low-end weight. The genre took glitch's experimental sound palette — bit-crushing, granular processing, buffer effect"
glitch,electronic-dance,§glitch,knowledge-evolving/genre-dictionary/23_GENRE_FULLBODY/electronic-dance/glitch.md,"Glitch is an electronic music genre that emerged in the mid-1990s, built on the deliberate use of digital errors, malfunctions, and artifacts as primary compositional material. Pioneered by artists like Oval (Markus Popp), who famously scratched CDs to create skipping, stuttering textures, and Alva "
grime,electronic-dance,§grime,knowledge-evolving/genre-dictionary/23_GENRE_FULLBODY/electronic-dance/grime.md,"Grime is a British electronic music genre that emerged from the council estates and tower blocks of East London in the early 2000s. Born from the collision of UK garage's rhythmic sophistication, jungle's breakneck energy, dancehall's vocal swagger, and hip-hop's lyrical ambition, grime forged a sou"
hardstyle,electronic-dance,§hardstyle,knowledge-evolving/genre-dictionary/23_GENRE_FULLBODY/electronic-dance/hardstyle.md,"Hardstyle is a form of hard dance music that emerged from the Dutch underground rave scene in the late 1990s, drawing on elements of hard trance, hardcore techno, and gabber. The genre coalesced around Rotterdam and the broader Netherlands club circuit, where producers began combining the melodic se"
house,electronic-dance,§house,knowledge-evolving/genre-dictionary/23_GENRE_FULLBODY/electronic-dance/house.md,"House music emerged from the underground clubs of Chicago in the early 1980s, born from the creative collision of disco, electronic experimentation, and Black and queer nightlife culture. The Warehouse nightclub, where DJ Frankie Knuckles held residency from 1977-1982, gave the genre its name and sp"
hyperpop,electronic-dance,§hyperpop,knowledge-evolving/genre-dictionary/23_GENRE_FULLBODY/electronic-dance/hyperpop.md,"Hyperpop is a maximalist experimental pop genre that emerged from online communities and the UK-based PC Music collective in the early-to-mid 2010s. Founded by A.G. Cook in 2013, PC Music became the aesthetic and philosophical nucleus of what would eventually be labeled ""hyperpop""—a term popularized"
idm,electronic-dance,§idm,knowledge-evolving/genre-dictionary/23_GENRE_FULLBODY/electronic-dance/idm.md,"IDM (Intelligent Dance Music) is an experimental electronic music style that emerged in the early 1990s from the UK rave and techno scenes. The genre coalesced around Warp Records, whose 1992 compilation Artificial Intelligence gathered tracks from Autechre, Aphex Twin (as Diceman and Polygon Window"
italo-disco,electronic-dance,§italo-disco,knowledge-evolving/genre-dictionary/23_GENRE_FULLBODY/electronic-dance/italo-disco.md,"Italo disco emerged in Italy in the late 1970s and reached its peak during the early-to-mid 1980s, representing one of the first distinctly European mutations of American disco. While American disco was dying under the weight of the ""Disco Sucks"" backlash, Italian producers embraced synthesizers and"
jersey-club,electronic-dance,§jersey-club,knowledge-evolving/genre-dictionary/23_GENRE_FULLBODY/electronic-dance/jersey-club.md,"Jersey club emerged in the early 2000s from Newark, New Jersey's underground dance scene, building on the rhythmic foundations of Baltimore club and incorporating elements of house, hip-hop, and R&B. Pioneered by DJs and producers like DJ Tameil, DJ Tim Dolla, and Brick Bandits, the genre developed "
jungle,electronic-dance,§jungle,knowledge-evolving/genre-dictionary/23_GENRE_FULLBODY/electronic-dance/jungle.md,"Jungle is a genre of electronic music that emerged from the UK rave scene in the early 1990s, born out of the breakbeat hardcore movement that dominated illegal warehouse parties, pirate radio stations, and sound system dances across London, Bristol, and the Midlands. The genre fused accelerated bre"
minimal-techno,electronic-dance,§minimal-techno,knowledge-evolving/genre-dictionary/23_GENRE_FULLBODY/electronic-dance/minimal-techno.md,"Minimal techno is a stripped-down branch of techno that emerged in the early 1990s from Detroit, pioneered primarily by Robert Hood and Daniel Bell. Hood, a founding member of the Underground Resistance collective alongside Jeff Mills and Mike Banks, felt that techno had drifted too far into rave ex"
moombahton,electronic-dance,§moombahton,knowledge-evolving/genre-dictionary/23_GENRE_FULLBODY/electronic-dance/moombahton.md,"Moombahton was created in 2009 by Washington D.C. DJ and producer Dave Nada, who pitched down a Afrojack electro house track to 108 BPM to match the tempo of reggaeton at a party — and discovered that the slowed-down Dutch house rhythms meshed perfectly with the dembow riddim patterns his audience a"
neurofunk,electronic-dance,§neurofunk,knowledge-evolving/genre-dictionary/23_GENRE_FULLBODY/electronic-dance/neurofunk.md,"Neurofunk emerged in the late 1990s as a dark, technically demanding subgenre of drum and bass that prioritized intricate sound design, aggressive basslines, and futuristic atmospheres over the genre's jazz-funk and rave-influenced roots. Producers like Ed Rush & Optical, Kemal & Rob Data, and the V"
nightcore,electronic-dance,§nightcore,knowledge-evolving/genre-dictionary/23_GENRE_FULLBODY/electronic-dance/nightcore.md,"Nightcore originated in 2001 as a school project by Norwegian duo Thomas S. Nilsen and Steffen Ojala Soderholm, who sped up and pitch-shifted trance and eurodance tracks as a deliberate artistic choice. Their project name became the genre itself, as YouTube remixers in the late 2000s adopted the tec"
phonk,electronic-dance,§phonk,knowledge-evolving/genre-dictionary/23_GENRE_FULLBODY/electronic-dance/phonk.md,"Phonk is a contemporary hip-hop subgenre rooted in the dark, lo-fi aesthetic of 1990s Memphis rap, synthesizing chopped vocal samples, hypnotic beat structures, and heavy bass with visual culture inspired by Japanese street racing and drift videos. The genre traces its lineage directly to Memphis pi"
progressive-house,electronic-dance,§progressive-house,knowledge-evolving/genre-dictionary/23_GENRE_FULLBODY/electronic-dance/progressive-house.md,"Progressive house emerged from the UK's rave and club scenes in the early 1990s, named by Mixmag journalist Dom Phillips in a 1992 article titled ""Trance Mission"" that described an emerging British style blending traditional house, techno, and trance elements into extended, evolving compositions. Th"
reggaeton,electronic-dance,§reggaeton,knowledge-evolving/genre-dictionary/23_GENRE_FULLBODY/electronic-dance/reggaeton.md,"Reggaeton is a Latin urban music genre rooted in Puerto Rico's underground scene of the early 1990s, though its prehistory traces to Panama where artists like El General and Nando Boom first recorded Spanish-language vocals over Jamaican dancehall riddims in the late 1980s. The genre's rhythmic back"
synthwave,electronic-dance,§synthwave,knowledge-evolving/genre-dictionary/23_GENRE_FULLBODY/electronic-dance/synthwave.md,"Synthwave is a retro-futuristic electronic music genre that draws inspiration from 1980s film soundtracks, arcade video games, and synth-pop music. The genre emerged in the mid-2000s from online communities and French house scenes, with early pioneers like Kavinsky, College, and David Grellier (Coll"
tech-house,electronic-dance,§tech-house,knowledge-evolving/genre-dictionary/23_GENRE_FULLBODY/electronic-dance/tech-house.md,"Tech house emerged in the early 1990s from London's underground club scene as a hybrid that fused the groove and warmth of house music with the stripped-back precision and mechanical edge of techno. The genre coalesced around a handful of DJs who bridged the two worlds: Eddie Richards, widely regard"
techno,electronic-dance,§techno,knowledge-evolving/genre-dictionary/23_GENRE_FULLBODY/electronic-dance/techno.md,"Techno is a form of electronic dance music that originated in Detroit in the mid-1980s, pioneered by three African-American musicians known as the Belleville Three: Juan Atkins, Derrick May, and Kevin Saunderson. These high school friends from the Detroit suburb of Belleville synthesized influences "
trance,electronic-dance,§trance,knowledge-evolving/genre-dictionary/23_GENRE_FULLBODY/electronic-dance/trance.md,"Trance is a hypnotic form of electronic dance music characterized by repetitive melodic phrases, driving four-on-the-floor beats, and dramatic build-ups and breakdowns designed to induce an altered state of consciousness. Emerging from the German techno scene in Frankfurt and Berlin in the early 199"
trip-hop,electronic-dance,§trip-hop,knowledge-evolving/genre-dictionary/23_GENRE_FULLBODY/electronic-dance/trip-hop.md,"Trip-hop is a downtempo electronic music genre that emerged from Bristol, UK during the early 1990s, blending hip-hop beats with atmospheric samples, psychedelic textures, and moody aesthetics. The term itself was coined by British music magazine Mixmag in 1994 to describe the sound emanating from B"
tropical-house,electronic-dance,§tropical-house,knowledge-evolving/genre-dictionary/23_GENRE_FULLBODY/electronic-dance/tropical-house.md,"Tropical house emerged in the early 2010s as a sun-soaked subgenre of deep house, blending warm synthesizers, steel drums, marimbas, and relaxed pop vocals into an accessible, feel-good sound. The term originated as a joke by Australian producer Thomas Jack around 2013, who used it to describe his l"
uk-garage,electronic-dance,§uk-garage,knowledge-evolving/genre-dictionary/23_GENRE_FULLBODY/electronic-dance/uk-garage.md,"UK garage (UKG) is a genre of electronic dance music that originated in England in the early to mid-1990s, rooted in the soulful house sound of New York's Paradise Garage nightclub where Larry Levan held residency from 1977 to 1987. British DJs importing US garage house records began pitching them u"
vaporwave,electronic-dance,§vaporwave,knowledge-evolving/genre-dictionary/23_GENRE_FULLBODY/electronic-dance/vaporwave.md,"Vaporwave is an internet-born electronic music genre that emerged in the early 2010s, characterized by slowed and chopped-up samples from 1980s and 1990s sources—corporate hold music, mall elevators, smooth jazz, synthpop, and video game soundtracks. Often presented with nostalgic or ironic aestheti"
witch-house,electronic-dance,§witch-house,knowledge-evolving/genre-dictionary/23_GENRE_FULLBODY/electronic-dance/witch-house.md,"Witch house emerged around 2009-2010 from the intersection of lo-fi electronic production, hip-hop beats, and occult-tinged visual aesthetics, coalescing on blogs and Tumblr before it had a stable name. Producers like oOoOO, Salem, and White Ring created murky, slowed-down electronic music that drew"
abstract-hip-hop,hiphop-rap,§abstract-hip-hop,knowledge-evolving/genre-dictionary/23_GENRE_FULLBODY/hiphop-rap/abstract-hip-hop.md,"Abstract hip-hop is an experimental subgenre that prioritizes unconventional lyricism, non-linear narratives, surreal imagery, and avant-garde production over the structural and thematic norms of mainstream rap. The style's earliest threads emerged in the early 1990s through Organized Konfusion's us"
boom-bap,hiphop-rap,§boom-bap,knowledge-evolving/genre-dictionary/23_GENRE_FULLBODY/hiphop-rap/boom-bap.md,"Boom bap is a hip-hop production style and subgenre whose name is an onomatopoeia for the sound of its defining elements: the deep kick drum (""boom"") and the crisp snare (""bap""). The style emerged from New York City's East Coast hip-hop scene in the mid-to-late 1980s, with producers like Marley Marl"
cloud-rap,hiphop-rap,§cloud-rap,knowledge-evolving/genre-dictionary/23_GENRE_FULLBODY/hiphop-rap/cloud-rap.md,"Cloud rap is a subgenre of hip-hop that emerged in the late 2000s and early 2010s, built on hazy, reverb-drenched production that drew from ambient music, new age, chillwave, and trap. The term was coined in 2010 by music blogger Walker Chambliss (Walkmasterflex) of the Space Age Hustle blog to desc"
country-rap,hiphop-rap,§country-rap,knowledge-evolving/genre-dictionary/23_GENRE_FULLBODY/hiphop-rap/country-rap.md,"Country rap — also known as ""hick-hop,"" ""rural rap,"" or ""country hip-hop"" — is a fusion genre that blends country music's storytelling tradition, twangy instrumentation, and rural American themes with hip-hop's rhythmic vocal delivery, beat-driven production, and swagger. The genre's roots trace to "
crunk,hiphop-rap,§crunk,knowledge-evolving/genre-dictionary/23_GENRE_FULLBODY/hiphop-rap/crunk.md,"Crunk is a high-energy subgenre of Southern hip hop that emerged from Memphis and Atlanta in the mid-to-late 1990s, reaching its commercial peak between 2003 and 2007. The term — a portmanteau of ""crazy"" and ""drunk,"" or possibly derived from a Southern dialectal past tense of ""crank"" — describes bot"
drill,hiphop-rap,§drill,knowledge-evolving/genre-dictionary/23_GENRE_FULLBODY/hiphop-rap/drill.md,"Drill is a subgenre of hip-hop that emerged from Chicago's South Side in the early 2010s, characterized by dark, nihilistic production, aggressive lyrical content, and a raw, unfiltered portrayal of street life. The genre takes its name from Chicago slang for engaging in violent activity or shooting"
east-coast-hip-hop,hiphop-rap,§east-coast-hip-hop,knowledge-evolving/genre-dictionary/23_GENRE_FULLBODY/hiphop-rap/east-coast-hip-hop.md,"East Coast hip hop is the foundational regional style of hip-hop music, originating in New York City's boroughs during the early 1970s. Born in the South Bronx at block parties hosted by DJ Kool Herc, the style evolved through the 1980s with pioneering acts like Run-DMC, Rakim, and Big Daddy Kane, w"
emo-rap,hiphop-rap,§emo-rap,knowledge-evolving/genre-dictionary/23_GENRE_FULLBODY/hiphop-rap/emo-rap.md,"Emo rap is a fusion subgenre that merges hip-hop's trap production and vocal delivery with the emotional vulnerability, guitar-driven melodies, and confessional songwriting of emo and pop-punk. The genre's roots trace to the early-to-mid 2010s SoundCloud scene, where artists like Bones, Black Kray ("
g-funk,hiphop-rap,§g-funk,knowledge-evolving/genre-dictionary/23_GENRE_FULLBODY/hiphop-rap/g-funk.md,"G-funk (gangsta-funk) emerged from the West Coast hip-hop scene in the early 1990s, pioneered by Dr. Dre on his landmark 1992 album *The Chronic*. The genre fused gangsta rap with the melodic sensibilities of 1970s P-Funk — particularly the work of Parliament-Funkadelic, George Clinton, and Roger Tr"
gangsta-rap,hiphop-rap,§gangsta-rap,knowledge-evolving/genre-dictionary/23_GENRE_FULLBODY/hiphop-rap/gangsta-rap.md,"Gangsta rap is a subgenre of hip-hop that emerged in the mid-1980s, defined by its unflinching depiction of street life, gang culture, violence, drug dealing, and confrontation with law enforcement. While Philadelphia's Schoolly D is often credited with the first gangsta rap record (""P.S.K. What Doe"
grime,hiphop-rap,§grime,knowledge-evolving/genre-dictionary/23_GENRE_FULLBODY/hiphop-rap/grime.md,"Grime is a British electronic music genre that emerged from the council estates and tower blocks of East London in the early 2000s. Born from the collision of UK garage's rhythmic sophistication, jungle's breakneck energy, dancehall's vocal swagger, and hip-hop's lyrical ambition, grime forged a sou"
hip-hop,hiphop-rap,§hip-hop,knowledge-evolving/genre-dictionary/23_GENRE_FULLBODY/hiphop-rap/hip-hop.md,"Hip-hop is a cultural movement and music genre that emerged from the South Bronx, New York City in the early 1970s, pioneered by DJs like Kool Herc, Grandmaster Flash, and Afrika Bambaataa. The genre is characterized by rhythmic vocal delivery (rapping or MCing), beat-driven production, and creative"
horrorcore,hiphop-rap,§horrorcore,knowledge-evolving/genre-dictionary/23_GENRE_FULLBODY/hiphop-rap/horrorcore.md,"Horrorcore is a subgenre of hardcore hip-hop that centers its lyrical content on horror themes — graphic violence, the supernatural, psychological terror, serial killers, the occult, and slasher-film imagery. The genre's earliest roots trace to the Geto Boys, whose 1988 track ""Assassins"" from *Makin"
jazz-rap,hiphop-rap,§jazz-rap,knowledge-evolving/genre-dictionary/23_GENRE_FULLBODY/hiphop-rap/jazz-rap.md,"Jazz rap emerged in the late 1980s as a fusion of hip-hop's rhythmic vocal delivery with jazz instrumentation, improvisation, and harmonic sophistication. The earliest connections between the two genres trace back to DJs like Grandmaster Flash scratching records by Donald Byrd and Roy Ayers into the"
latin-trap,hiphop-rap,§latin-trap,knowledge-evolving/genre-dictionary/23_GENRE_FULLBODY/hiphop-rap/latin-trap.md,"Latin trap is a Spanish-language evolution of Atlanta-born trap music that emerged from Puerto Rico's reggaeton scene in the mid-2010s and rapidly became one of the most commercially dominant forces in Latin music. The genre's earliest roots trace to 2007, when Puerto Rican reggaeton artists Arcange"
mumble-rap,hiphop-rap,§mumble-rap,knowledge-evolving/genre-dictionary/23_GENRE_FULLBODY/hiphop-rap/mumble-rap.md,"Mumble rap is a polarizing style of hip-hop that emerged in the early-to-mid 2010s, characterized by melodic, often slurred vocal delivery, heavy auto-tune processing, ad-lib-driven compositions, and lyrics that prioritize sound and feeling over narrative clarity. The term itself was coined by detra"
phonk,hiphop-rap,§phonk,knowledge-evolving/genre-dictionary/23_GENRE_FULLBODY/hiphop-rap/phonk.md,"Phonk is a contemporary hip-hop subgenre rooted in the dark, lo-fi aesthetic of 1990s Memphis rap, synthesizing chopped vocal samples, hypnotic beat structures, and heavy bass with visual culture inspired by Japanese street racing and drift videos. The genre traces its lineage directly to Memphis pi"
southern-hip-hop,hiphop-rap,§southern-hip-hop,knowledge-evolving/genre-dictionary/23_GENRE_FULLBODY/hiphop-rap/southern-hip-hop.md,"Southern hip hop encompasses a vast and diverse collection of regional styles that emerged across the American South beginning in the late 1980s and early 1990s. While New York and Los Angeles dominated hip-hop's early commercial landscape, cities like Atlanta, Houston, Memphis, Miami, and New Orlea"
trap,hiphop-rap,§trap,knowledge-evolving/genre-dictionary/23_GENRE_FULLBODY/hiphop-rap/trap.md,"Trap emerged in the early 2000s from the Southern United States hip-hop scene, primarily in Atlanta, Georgia. The term ""trap"" derives from the slang for locations where drug deals occur, and the genre's foundational artists drew from this environment to create music that reflected street narratives,"
underground-hip-hop,hiphop-rap,§underground-hip-hop,knowledge-evolving/genre-dictionary/23_GENRE_FULLBODY/hiphop-rap/underground-hip-hop.md,"Underground hip hop is a broad movement defined by its opposition to mainstream commercial rap, prioritizing artistic integrity, lyrical complexity, and independent distribution over radio play and chart success. While ""underground"" has always existed as a counterpoint to whatever the mainstream off"
acid-jazz,jazz-blues,§acid-jazz,knowledge-evolving/genre-dictionary/23_GENRE_FULLBODY/jazz-blues/acid-jazz.md,"Acid jazz emerged in London in the mid-to-late 1980s as a fusion of jazz improvisation, funk grooves, soul vocals, and electronic production. The term was coined by DJ Gilles Peterson and journalist Chris Bangs, initially as a tongue-in-cheek response to the acid house movement — while acid house wa"
bebop,jazz-blues,§bebop,knowledge-evolving/genre-dictionary/23_GENRE_FULLBODY/jazz-blues/bebop.md,"Bebop emerged in the early-to-mid 1940s in the nightclubs of Harlem, New York, as a deliberate break from the commercial swing era. Young African American musicians, frustrated by the rigid arrangements and limited solo space of big bands, began gathering at after-hours jam sessions at Minton's Play"
big-band,jazz-blues,§big-band,knowledge-evolving/genre-dictionary/23_GENRE_FULLBODY/jazz-blues/big-band.md,"Big band jazz emerged in the late 1920s and early 1930s as bandleaders expanded small jazz ensembles into large orchestras capable of filling ballrooms and theaters. Fletcher Henderson is widely credited with developing the big band arranging template in the mid-1920s, organizing instruments into br"
blues,jazz-blues,§blues,knowledge-evolving/genre-dictionary/23_GENRE_FULLBODY/jazz-blues/blues.md,"Blues is the foundational bedrock of American popular music, a genre born from the collision of African musical traditions with the brutal realities of the American South. Emerging in the late 19th century from the work songs, field hollers, and spirituals of African American communities in the Miss"
bossa-nova,jazz-blues,§bossa-nova,knowledge-evolving/genre-dictionary/23_GENRE_FULLBODY/jazz-blues/bossa-nova.md,"Bossa Nova is a sophisticated Brazilian music genre that emerged in the late 1950s Rio de Janeiro, blending the rhythmic foundations of samba with jazz harmonies, complex chords, and subtle vocal delivery. The genre was born from informal gatherings in apartments of Rio's affluent Zona Sul neighborh"
cool-jazz,jazz-blues,§cool-jazz,knowledge-evolving/genre-dictionary/23_GENRE_FULLBODY/jazz-blues/cool-jazz.md,"Cool jazz crystallized in the late 1940s and early 1950s as a reaction to bebop's frenetic intensity. The pivotal moment came in 1949-1950 when Miles Davis assembled a nonet including arranger Gil Evans, baritone saxophonist Gerry Mulligan, alto saxophonist Lee Konitz, and trombonist J.J. Johnson to"
delta-blues,jazz-blues,§delta-blues,knowledge-evolving/genre-dictionary/23_GENRE_FULLBODY/jazz-blues/delta-blues.md,"Delta blues is the earliest documented form of blues music, originating in the Mississippi Delta region in the late 19th and early 20th centuries. The style grew from African American work songs, field hollers, and spirituals performed by sharecroppers, levee workers, and laborers in the flat cotton"
hard-bop,jazz-blues,§hard-bop,knowledge-evolving/genre-dictionary/23_GENRE_FULLBODY/jazz-blues/hard-bop.md,"Hard bop emerged in the mid-1950s as a reaction to cool jazz's restraint, reasserting the blues, gospel, and rhythm and blues roots that bebop had absorbed but cool jazz had muted. The style is generally traced to drummer Art Blakey and pianist Horace Silver, whose Jazz Messengers became the genre's"
jazz,jazz-blues,§jazz,knowledge-evolving/genre-dictionary/23_GENRE_FULLBODY/jazz-blues/jazz.md,"Jazz is America's most significant contribution to world music, a living art form built on improvisation, harmonic sophistication, and individual expression within a collective framework. Born in New Orleans around the turn of the 20th century from the convergence of African rhythmic traditions, blu"
latin-jazz,jazz-blues,§latin-jazz,knowledge-evolving/genre-dictionary/23_GENRE_FULLBODY/jazz-blues/latin-jazz.md,"Latin jazz was born in New York City in the early 1940s from the collision of Afro-Cuban rhythms with jazz harmony and improvisation. Cuban-born trumpeter Mario Bauza, who had played with Cab Calloway and Chick Webb, is widely credited as the genre's architect. In 1940, Bauza became musical director"
modal-jazz,jazz-blues,§modal-jazz,knowledge-evolving/genre-dictionary/23_GENRE_FULLBODY/jazz-blues/modal-jazz.md,"Modal jazz emerged in the late 1950s as a radical simplification of jazz harmony, replacing the rapid chord changes of bebop with improvisation based on musical modes (scales). The approach was crystallized on Miles Davis's *Kind of Blue*, recorded on March 2 and April 22, 1959, and released on Augu"
ragtime,jazz-blues,§ragtime,knowledge-evolving/genre-dictionary/23_GENRE_FULLBODY/jazz-blues/ragtime.md,"Ragtime is a syncopated, piano-driven American musical genre that flourished from the 1890s through the 1920s, earning its name from the ""ragged time"" rhythmic technique of placing melodic accents between the steady beats of the left hand. Rooted in African American musical traditions including banj"
smooth-jazz,jazz-blues,§smooth-jazz,knowledge-evolving/genre-dictionary/23_GENRE_FULLBODY/jazz-blues/smooth-jazz.md,"Smooth jazz emerged as a distinct commercial format in the late 1970s and early 1980s, growing from the intersection of jazz-funk, R&B, and pop. Its roots lie in the crossover success of artists who softened jazz's edges to reach broader audiences. Grover Washington Jr. is widely regarded as one of "
swing,jazz-blues,§swing,knowledge-evolving/genre-dictionary/23_GENRE_FULLBODY/jazz-blues/swing.md,"Swing is the sound of America dancing, a jazz-rooted genre that dominated popular music from the mid-1930s through the mid-1940s and experienced remarkable revivals in the 1990s and 2000s. Born from the evolution of jazz in the early 1930s, swing transformed the improvisational, small-ensemble hot j"
vocal-jazz,jazz-blues,§vocal-jazz,knowledge-evolving/genre-dictionary/23_GENRE_FULLBODY/jazz-blues/vocal-jazz.md,"Vocal jazz emerged as a distinct art form in the 1920s and 1930s when jazz singers began treating the voice as an improvising instrument equal to the trumpet or saxophone. Louis Armstrong's gravelly scat improvisations in the late 1920s established the foundational vocabulary, but it was Ella Fitzge"
a-cappella,other-specialty,§a-cappella,knowledge-evolving/genre-dictionary/23_GENRE_FULLBODY/other-specialty/a-cappella.md,"A cappella music — vocal performance without instrumental accompaniment — is one of the oldest forms of human musical expression, predating the invention of every instrument. Its Western tradition traces back to Gregorian chant in medieval European churches, where unaccompanied voices carried sacred"
beatboxing,other-specialty,§beatboxing,knowledge-evolving/genre-dictionary/23_GENRE_FULLBODY/other-specialty/beatboxing.md,"Beatboxing emerged from hip-hop culture in New York City during the early 1980s, when artists began imitating drum machines and turntable sounds using only their mouths, lips, tongue, and voice. The term derives from ""beatbox,"" slang for drum machines like the Roland TR-808. Three pioneers defined t"
blackgaze,other-specialty,§blackgaze,knowledge-evolving/genre-dictionary/23_GENRE_FULLBODY/other-specialty/blackgaze.md,"Blackgaze emerged in the mid-2000s as a fusion of black metal's intensity with shoegaze's ethereal beauty, creating a genre that channels tremolo-picked guitars and blast beats toward transcendence rather than aggression. The genre's origin traces to French musician Neige, who released Alcest's *Le "
chopped-and-screwed,other-specialty,§chopped-and-screwed,knowledge-evolving/genre-dictionary/23_GENRE_FULLBODY/other-specialty/chopped-and-screwed.md,"Chopped and screwed is a remix technique and genre that originated in Houston, Texas, in the early 1990s, invented by DJ Screw (Robert Earl Davis Jr.). The technique involves slowing down the tempo of a track to 60-70 BPM (from its original speed), then ""chopping"" — manipulating the record by skippi"
cinematic,other-specialty,§cinematic,knowledge-evolving/genre-dictionary/23_GENRE_FULLBODY/other-specialty/cinematic.md,"Cinematic music is composed score and instrumental music designed to support visual narratives in film, television, video games, and trailers. Emerging alongside the birth of cinema itself, film scoring evolved from silent-era piano accompaniment through the Golden Age of Hollywood's lush orchestral"
conscious-hip-hop,other-specialty,§conscious-hip-hop,knowledge-evolving/genre-dictionary/23_GENRE_FULLBODY/other-specialty/conscious-hip-hop.md,"Conscious hip-hop is a subgenre of hip-hop defined by lyrical content that addresses social issues, political injustice, personal growth, and cultural identity. Its roots reach back to the earliest days of hip-hop as a protest form: Grandmaster Flash and the Furious Five's 1982 single ""The Message"" "
contemporary-christian,other-specialty,§contemporary-christian,knowledge-evolving/genre-dictionary/23_GENRE_FULLBODY/other-specialty/contemporary-christian.md,"Contemporary Christian Music (CCM) grew out of the late-1960s Jesus Movement, when hippies and street musicians in Southern California began converting to born-again Christianity and fusing rock, folk, and pop with explicitly spiritual lyrics. Larry Norman's 1969 album *Upon This Rock* is widely rec"
dark-ambient,other-specialty,§dark-ambient,knowledge-evolving/genre-dictionary/23_GENRE_FULLBODY/other-specialty/dark-ambient.md,"Dark ambient emerged in the mid-1980s as a shadowy counterpart to Brian Eno's ambient music, stripping away the genre's calming intent and replacing it with dread, unease, and psychological tension. Pioneered by artists like Lustmord, who recorded in crypts and meat lockers to capture genuine acoust"
dark-jazz,other-specialty,§dark-jazz,knowledge-evolving/genre-dictionary/23_GENRE_FULLBODY/other-specialty/dark-jazz.md,"Dark jazz (also called doom jazz or noir jazz) emerged in the early 1990s as a slow, atmospheric fusion of jazz instrumentation with the pacing and heaviness of doom metal and dark ambient music. The genre's roots trace to Angelo Badalamenti's scores for David Lynch films, particularly the *Twin Pea"
darksynth,other-specialty,§darksynth,knowledge-evolving/genre-dictionary/23_GENRE_FULLBODY/other-specialty/darksynth.md,"Darksynth emerged in the early 2010s as a heavier, more aggressive offshoot of the synthwave/retrowave movement. While synthwave broadly evoked 1980s nostalgia through warm analog synthesizers and neon-lit aesthetics, darksynth drew from the decade's horror films, cyberpunk dystopias, and industrial"
darkwave,other-specialty,§darkwave,knowledge-evolving/genre-dictionary/23_GENRE_FULLBODY/other-specialty/darkwave.md,"Darkwave is a dark, synthesizer-driven genre that fuses the brooding atmosphere of post-punk and gothic rock with the electronic production techniques of synth-pop and new wave. Emerging in the early 1980s alongside goth and industrial movements, darkwave carves its own space through cold, melodic s"
deathcore,other-specialty,§deathcore,knowledge-evolving/genre-dictionary/23_GENRE_FULLBODY/other-specialty/deathcore.md,"Deathcore emerged in the early 2000s from the collision of death metal's extremity with metalcore's breakdown-driven structure, producing a hybrid that took the most punishing elements of both genres and welded them into something deliberately, almost absurdly heavy. The genre's prehistory runs thro"
downtempo,other-specialty,§downtempo,knowledge-evolving/genre-dictionary/23_GENRE_FULLBODY/other-specialty/downtempo.md,"Downtempo is a broad category of electronic music defined by atmospheric textures, relaxed tempos, and an emphasis on mood over dancefloor energy. Typically ranging from 70-100 BPM, the genre occupies a space between ambient music's formless drift and the structured rhythms of house or techno, retai"
drone-metal,other-specialty,§drone-metal,knowledge-evolving/genre-dictionary/23_GENRE_FULLBODY/other-specialty/drone-metal.md,"Drone metal emerged in the early 1990s when musicians began stripping doom metal down to its most elemental component: sustained, amplified heaviness. The genre's foundation was laid by Dylan Carlson's band Earth, formed in 1989 in Olympia, Washington. Carlson fused the crushing weight of Black Sabb"
drone,other-specialty,§drone,knowledge-evolving/genre-dictionary/23_GENRE_FULLBODY/other-specialty/drone.md,"Drone music is a minimalist genre built on sustained tones, extended notes, and slowly evolving harmonic fields, emphasizing duration, texture, and overtone interaction over melody, rhythm, or conventional song structure. The genre's conceptual origins trace to La Monte Young's *Trio for Strings* (1"
dungeon-synth,other-specialty,§dungeon-synth,knowledge-evolving/genre-dictionary/23_GENRE_FULLBODY/other-specialty/dungeon-synth.md,"Dungeon synth is an electronic music genre that emerged from the early 1990s Norwegian black metal scene, combining dark ambient textures with medieval and fantasy themes to create immersive, instrumental soundscapes. The genre's origins are inseparable from black metal: musicians who played in extr"
ebm,other-specialty,§ebm,knowledge-evolving/genre-dictionary/23_GENRE_FULLBODY/other-specialty/ebm.md,"Electronic Body Music (EBM) emerged in the early 1980s from the industrial and post-punk scenes of Belgium and Germany. The term was coined by Ralf Hutter of Kraftwerk but adopted as a genre label by the Belgian act Front 242, whose machine-like precision and aggressive synthesizer sequences defined"
electroswing,other-specialty,§electroswing,knowledge-evolving/genre-dictionary/23_GENRE_FULLBODY/other-specialty/electroswing.md,"Electroswing fuses the brass-heavy, rhythmically swung sounds of 1920s-1940s jazz and swing with modern electronic production techniques drawn from house, breakbeat, and hip-hop. The genre's earliest stirrings appeared in the 1990s when hip-hop producers began sampling vintage swing recordings, but "
enka,other-specialty,§enka,knowledge-evolving/genre-dictionary/23_GENRE_FULLBODY/other-specialty/enka.md,"Enka is a genre of Japanese popular ballad music built on pentatonic scales and expressive vocal techniques that evoke the sound and emotional weight of traditional Japanese music. The word ""enka"" originally referred to ""enzetsu no uta"" (speech songs) — politically charged street performances of the"
ethio-jazz,other-specialty,§ethio-jazz,knowledge-evolving/genre-dictionary/23_GENRE_FULLBODY/other-specialty/ethio-jazz.md,"Ethio-jazz is a genre that fuses traditional Ethiopian music with American jazz, funk, soul, and Latin rhythms. It was pioneered by Mulatu Astatke, an Ethiopian vibraphonist, keyboardist, and arranger who studied at Trinity College of Music in London and became the first African student at Berklee C"
future-house,other-specialty,§future-house,knowledge-evolving/genre-dictionary/23_GENRE_FULLBODY/other-specialty/future-house.md,"Future house emerged in the early-to-mid 2010s as a fresh mutation of house music, fusing deep house warmth, UK garage rhythmic DNA, and modern EDM production polish. The term was coined by French DJ and producer Tchami (Martin Music Brun), who tagged his 2013 remix of Janet Jackson's ""Go Deep"" as """
glitch-pop,other-specialty,§glitch-pop,knowledge-evolving/genre-dictionary/23_GENRE_FULLBODY/other-specialty/glitch-pop.md,"Glitch pop applies the stuttering, fragmented textures of glitch electronics to accessible pop song structures, creating music that is simultaneously catchy and sonically adventurous. The style emerged gradually through the 2000s as experimental electronic producers began incorporating pop melodies "
gypsy-jazz,other-specialty,§gypsy-jazz,knowledge-evolving/genre-dictionary/23_GENRE_FULLBODY/other-specialty/gypsy-jazz.md,"Gypsy jazz (also known as jazz manouche or sinti jazz) was born in Paris in the early 1930s, created almost single-handedly by Belgian Romani guitarist Django Reinhardt. In 1934, Reinhardt and French violinist Stephane Grappelli formed the Quintette du Hot Club de France, evolving from informal back"
hair-metal,other-specialty,§hair-metal,knowledge-evolving/genre-dictionary/23_GENRE_FULLBODY/other-specialty/hair-metal.md,"Hair metal, also known as glam metal or pop metal, erupted from the Los Angeles Sunset Strip in the early 1980s, fusing the visual flamboyance of 1970s glam rock with the aggression of heavy metal and the catchiness of pop songwriting. The genre's aesthetic DNA traces to the New York Dolls, Kiss, Al"
jazz-fusion,other-specialty,§jazz-fusion,knowledge-evolving/genre-dictionary/23_GENRE_FULLBODY/other-specialty/jazz-fusion.md,"Jazz fusion (also called jazz-rock) was born in the late 1960s when Miles Davis began incorporating electric instruments, rock rhythms, and funk grooves into his music. The pivotal recordings were *In a Silent Way* (1969) and *Bitches Brew* (1970), both produced for Columbia Records with large ensem"
kayokyoku,other-specialty,§kayokyoku,knowledge-evolving/genre-dictionary/23_GENRE_FULLBODY/other-specialty/kayokyoku.md,"Kayokyoku (歌謡曲, literally ""lyric singing music"") is the broad umbrella term for Japanese popular music that dominated from the postwar era through the late 1980s, serving as the direct predecessor to modern J-pop. The genre's roots trace to the prewar ryukoka tradition, which blended Western jazz, t"
lo-fi-house,other-specialty,§lo-fi-house,knowledge-evolving/genre-dictionary/23_GENRE_FULLBODY/other-specialty/lo-fi-house.md,"Lo-fi house emerged in the mid-2010s as a reaction against the increasingly polished, maximalist production dominating electronic dance music. Producers like DJ Seinfeld (Armand Jakobsson), Ross From Friends, and Mall Grab began releasing tracks on Bandcamp and SoundCloud that deliberately embraced "
lo-fi,other-specialty,§lo-fi,knowledge-evolving/genre-dictionary/23_GENRE_FULLBODY/other-specialty/lo-fi.md,"Lo-fi (low-fidelity) music is an aesthetic movement that embraces the imperfections, warmth, and intimacy of amateur or degraded audio as artistic features rather than technical shortcomings. What began as a practical limitation of home recording has evolved into one of the defining sounds of the st"
madchester,other-specialty,§madchester,knowledge-evolving/genre-dictionary/23_GENRE_FULLBODY/other-specialty/madchester.md,"Madchester emerged from Manchester's club and indie scenes between 1988 and 1990, fusing the jangly guitar traditions of post-punk and indie pop with the acid house revolution sweeping Britain's warehouse parties. The term itself described both a sound and a cultural moment — Manchester became the c"
new-age,other-specialty,§new-age,knowledge-evolving/genre-dictionary/23_GENRE_FULLBODY/other-specialty/new-age.md,"New Age music is a broad genre of instrumental and vocal music designed to create an atmosphere of relaxation, meditation, and spiritual contemplation. Emerging in the late 1960s and 1970s from the confluence of electronic music, minimalism, world music traditions, and the holistic wellness movement"
noise-pop,other-specialty,§noise-pop,knowledge-evolving/genre-dictionary/23_GENRE_FULLBODY/other-specialty/noise-pop.md,"Noise pop is a fusion of pop melody and abrasive, feedback-drenched guitar noise that emerged in the mid-1980s, primarily through the Jesus and Mary Chain's debut album *Psychocandy* (1985). The Reid brothers buried classic girl-group melodies and Beach Boys harmonies under sheets of guitar feedback"
nu-jazz,other-specialty,§nu-jazz,knowledge-evolving/genre-dictionary/23_GENRE_FULLBODY/other-specialty/nu-jazz.md,"Nu jazz (also called electro jazz or future jazz) emerged in the late 1990s as electronic music producers and jazz musicians found common ground between programmed beats and live improvisation. The genre grew from multiple scenes simultaneously: in Germany, producers like Jazzanova and Compost Recor"
pc-music,other-specialty,§pc-music,knowledge-evolving/genre-dictionary/23_GENRE_FULLBODY/other-specialty/pc-music.md,"PC Music is both a record label and an aesthetic movement founded by A.G. Cook in London in 2013. The label became the nucleus of a radical reimagining of pop music — one that treated commercial pop's glossy surfaces, Auto-Tuned vocals, and synthetic textures not as guilty pleasures but as legitimat"
plugg,other-specialty,§plugg,knowledge-evolving/genre-dictionary/23_GENRE_FULLBODY/other-specialty/plugg.md,"Plugg is a hip-hop production subgenre that emerged around 2013 from the Atlanta-based Beatpluggz collective, founded by producers MexikoDro and StoopidXool. The name derives from the ""Plug!"" producer tag the collective used on SoundCloud. The style drew from Zaytoven's gospel and soul-influenced tr"
pop-rap,other-specialty,§pop-rap,knowledge-evolving/genre-dictionary/23_GENRE_FULLBODY/other-specialty/pop-rap.md,"Pop rap is a fusion of hip-hop and pop music that emphasizes catchy melodies, radio-friendly song structures, and broad crossover appeal. While hip-hop has always had pop-leaning moments — from Sugarhill Gang's ""Rapper's Delight"" (1979) to Run-DMC and Aerosmith's ""Walk This Way"" (1986) — pop rap cry"
post-dubstep,other-specialty,§post-dubstep,knowledge-evolving/genre-dictionary/23_GENRE_FULLBODY/other-specialty/post-dubstep.md,"Post-dubstep is an umbrella term for a range of musical styles that emerged in the late 2000s from the UK dubstep scene, retaining dubstep's sparse, syncopated rhythms and heavy sub-bass while incorporating elements of R&B, soul, ambient, garage, and indie pop. The genre's pivotal figure is Burial, "
post-metal,other-specialty,§post-metal,knowledge-evolving/genre-dictionary/23_GENRE_FULLBODY/other-specialty/post-metal.md,"Post-metal emerged in the early-to-mid 1990s as heavy metal musicians began absorbing the structural and textural ideas of post-rock, ambient music, and experimental composition. The genre's foundation was laid by Neurosis, whose 1992 album *Souls at Zero* marked a turn away from hardcore punk towar"
progressive-metal,other-specialty,§progressive-metal,knowledge-evolving/genre-dictionary/23_GENRE_FULLBODY/other-specialty/progressive-metal.md,"Progressive metal emerged in the mid-1980s from American heavy metal musicians who fused the technical ambition and compositional complexity of progressive rock with the aggression, distortion, and rhythmic power of heavy metal. Fates Warning's *The Spectre Within* (1985) and *Awaken the Guardian* ("
psychedelic-trance,other-specialty,§psychedelic-trance,knowledge-evolving/genre-dictionary/23_GENRE_FULLBODY/other-specialty/psychedelic-trance.md,"Psychedelic trance (psytrance) evolved from Goa trance in the late 1990s as producers pushed toward darker, more technologically driven sound design while retaining the hypnotic, consciousness-altering intent of their predecessor. Where Goa trance favored analog warmth and Eastern melodicism, psytra"
riot-grrrl,other-specialty,§riot-grrrl,knowledge-evolving/genre-dictionary/23_GENRE_FULLBODY/other-specialty/riot-grrrl.md,"Riot grrrl emerged in 1991 from the overlapping punk scenes of Olympia, Washington, and Washington, D.C., as a feminist response to the male-dominated underground punk and indie rock world. The movement coalesced around Bikini Kill, formed in Olympia in 1990 by vocalist Kathleen Hanna, guitarist Bil"
slowcore,other-specialty,§slowcore,knowledge-evolving/genre-dictionary/23_GENRE_FULLBODY/other-specialty/slowcore.md,"Slowcore emerged in the late 1980s and early 1990s as a deliberate reaction against the volume and velocity of grunge and alternative rock. Where those genres traded in distortion and aggression, slowcore stripped rock music to its quietest, slowest, and most emotionally exposed elements. The genre "
soul-jazz,other-specialty,§soul-jazz,knowledge-evolving/genre-dictionary/23_GENRE_FULLBODY/other-specialty/soul-jazz.md,"Soul jazz grew out of hard bop in the late 1950s and early 1960s, incorporating stronger influences from blues, gospel, and rhythm and blues to create a groovier, more accessible branch of jazz. The style's emergence is closely tied to the Hammond B3 organ, which Jimmy Smith transformed into a jazz "
soundtrack,other-specialty,§soundtrack,knowledge-evolving/genre-dictionary/23_GENRE_FULLBODY/other-specialty/soundtrack.md,"> **Note**: This genre covers **vocal songs and curated song compilations** written for or prominently featured in film and television. For **instrumental orchestral film scoring** (John Williams, Hans Zimmer, Ennio Morricone), see [Cinematic](../cinematic/README.md). For **theatrical stage musicals"
space-disco,other-specialty,§space-disco,knowledge-evolving/genre-dictionary/23_GENRE_FULLBODY/other-specialty/space-disco.md,"Space disco is an electronic dance music style that emerged in continental Europe during the late 1970s, fusing disco's four-on-the-floor rhythm and dancefloor imperative with synthesizer-forward production, science fiction imagery, and cosmic atmospheres. The genre developed as European producers —"
spaghetti-western,other-specialty,§spaghetti-western,knowledge-evolving/genre-dictionary/23_GENRE_FULLBODY/other-specialty/spaghetti-western.md,"Spaghetti western music is a film score genre born from the Italian-made westerns of the 1960s and 1970s, defined above all by composer Ennio Morricone's revolutionary approach to scoring. When director Sergio Leone hired Morricone, a former classmate, to score *A Fistful of Dollars* (1964), the res"
spoken-word,other-specialty,§spoken-word,knowledge-evolving/genre-dictionary/23_GENRE_FULLBODY/other-specialty/spoken-word.md,"Spoken word is a performance-based art form rooted in the oral traditions of poetry, rhetoric, and storytelling, where the human voice serves as the primary instrument. Its modern lineage traces through the Harlem Renaissance poets of the 1920s, who recited verse alongside jazz musicians, through th"
trap-metal,other-specialty,§trap-metal,knowledge-evolving/genre-dictionary/23_GENRE_FULLBODY/other-specialty/trap-metal.md,"Trap metal (also called ragecore, death rap, or scream rap) is a fusion genre that combines trap music's rhythmic structures and 808-driven production with heavy metal's distorted guitars, screamed vocals, and aggressive energy. The genre's roots trace to the mid-2010s SoundCloud scene, where artist"
trot,other-specialty,§trot,knowledge-evolving/genre-dictionary/23_GENRE_FULLBODY/other-specialty/trot.md,"Trot is the oldest form of Korean popular music, originating in the 1920s and 1930s during the Japanese occupation of the Korean peninsula. The name derives from ""foxtrot,"" the ballroom dance style whose simple two-beat rhythm became trot's rhythmic foundation. Early trot blended elements of Japanes"
twee-pop,other-specialty,§twee-pop,knowledge-evolving/genre-dictionary/23_GENRE_FULLBODY/other-specialty/twee-pop.md,"Twee pop is a deliberately naive, lo-fi strain of indie pop rooted in the C86 compilation and Sarah Records tradition, characterized by jangly guitars, whispered or untrained vocals, simple song structures, and a defiant DIY aesthetic that values charm over polish. The genre embraces amateurism as a"
video-game-music,other-specialty,§video-game-music,knowledge-evolving/genre-dictionary/23_GENRE_FULLBODY/other-specialty/video-game-music.md,Video game music began as a product of severe hardware constraints. The programmable sound generator chips inside early arcade cabinets and home consoles of the late 1970s and 1980s offered composers only a handful of simultaneous voices — typically three tone channels and one noise channel on the N
visual-kei,other-specialty,§visual-kei,knowledge-evolving/genre-dictionary/23_GENRE_FULLBODY/other-specialty/visual-kei.md,"Visual kei emerged in Japan during the early-to-mid 1980s as a movement where musical expression and visual presentation were inseparable. The term itself derives from X Japan's 1989 album *Blue Blood*, which carried the slogan ""Psychedelic Violence Crime of Visual Shock"" -- SHOXX magazine formalize"
worship,other-specialty,§worship,knowledge-evolving/genre-dictionary/23_GENRE_FULLBODY/other-specialty/worship.md,"Worship music as a distinct genre grew out of the Jesus Movement of the late 1960s and early 1970s, when young converts in Southern California began writing songs that sounded like the folk-rock and pop they already listened to, replacing secular lyrics with expressions of personal devotion. Calvary"
anisong,pop-eastasian,§anisong,knowledge-evolving/genre-dictionary/23_GENRE_FULLBODY/pop-eastasian/anisong.md,"Anisong (a contraction of ""anime song"") encompasses the opening themes, ending themes, insert songs, and character songs created for Japanese anime series and films. The tradition began with the rise of television anime in the early 1960s -- Osamu Tezuka's *Astro Boy* (1963) featured ""Tetsuwan Atom"""
art-pop,pop-eastasian,§art-pop,knowledge-evolving/genre-dictionary/23_GENRE_FULLBODY/pop-eastasian/art-pop.md,"Art pop emerged in the mid-1960s as musicians with fine-art backgrounds and avant-garde sensibilities began applying conceptual rigor, theatrical presentation, and experimental techniques to pop songwriting. Andy Warhol's patronage of the Velvet Underground established the template: pop music as a v"
baroque-pop,pop-eastasian,§baroque-pop,knowledge-evolving/genre-dictionary/23_GENRE_FULLBODY/pop-eastasian/baroque-pop.md,"Baroque pop is an ornate fusion of pop songwriting and classical music elements, distinguished by orchestral arrangements, complex harmonies, harpsichord, strings, and a compositional ambition that reaches beyond conventional pop structures. The genre treats pop songs as miniature orchestral works, "
britpop,pop-eastasian,§britpop,knowledge-evolving/genre-dictionary/23_GENRE_FULLBODY/pop-eastasian/britpop.md,"Britpop emerged in the early 1990s as a conscious reaction against the dominance of American grunge and shoegaze's introspective opacity. Rooted in a celebration of British identity, the movement drew heavily from 1960s British Invasion acts like The Kinks, The Beatles, and The Small Faces, as well "
bubblegum-pop,pop-eastasian,§bubblegum-pop,knowledge-evolving/genre-dictionary/23_GENRE_FULLBODY/pop-eastasian/bubblegum-pop.md,"Bubblegum pop is an intentionally catchy, simple, and upbeat style of pop music designed for maximum immediate appeal, characterized by singalong choruses, bright production, and an unabashed embrace of pop pleasure over artistic complexity. The genre makes no apologies for its directness — the goal"
cantopop,pop-eastasian,§cantopop,knowledge-evolving/genre-dictionary/23_GENRE_FULLBODY/pop-eastasian/cantopop.md,"Cantopop emerged in 1970s Hong Kong as the city's economy surged and local media expanded. While Cantonese-language popular music had existed since the 1950s through adaptations of Mandarin shidaiqu and Western pop, the genre crystallized when songwriter Joseph Koo and lyricist James Wong began craf"
chamber-pop,pop-eastasian,§chamber-pop,knowledge-evolving/genre-dictionary/23_GENRE_FULLBODY/pop-eastasian/chamber-pop.md,"Chamber pop is an indie-rooted genre that integrates classical and orchestral instrumentation into pop songwriting, distinguished from baroque pop by its typically smaller scale, more intimate arrangements, and indie/alternative sensibility. Where baroque pop often aims for grandeur, chamber pop fav"
city-pop,pop-eastasian,§city-pop,knowledge-evolving/genre-dictionary/23_GENRE_FULLBODY/pop-eastasian/city-pop.md,"City pop emerged in the late 1970s as Japan's economy accelerated into its postwar boom. The genre crystallized when Japanese musicians, steeped in American AOR, funk, disco, and jazz fusion, began filtering those Western influences through a distinctly Japanese sensibility tied to new urban affluen"
electropop,pop-eastasian,§electropop,knowledge-evolving/genre-dictionary/23_GENRE_FULLBODY/pop-eastasian/electropop.md,"Electropop emerged in the late 1970s and early 1980s as a harder-edged offshoot of synth-pop, placing greater emphasis on electronic production, digital processing, and dancefloor energy than its parent genre. While synth-pop balanced synthesizers with traditional pop songcraft and often retained wa"
hyperpop,pop-eastasian,§hyperpop,knowledge-evolving/genre-dictionary/23_GENRE_FULLBODY/pop-eastasian/hyperpop.md,"Hyperpop is a maximalist experimental pop genre that emerged from online communities and the UK-based PC Music collective in the early-to-mid 2010s. Founded by A.G. Cook in 2013, PC Music became the aesthetic and philosophical nucleus of what would eventually be labeled ""hyperpop""—a term popularized"
j-pop,pop-eastasian,§j-pop,knowledge-evolving/genre-dictionary/23_GENRE_FULLBODY/pop-eastasian/j-pop.md,"J-Pop (Japanese Pop) traces its lineage to kayokyoku, the broad category of Japanese popular music that dominated from the 1920s through the 1980s. Kayokyoku drew on Western jazz, blues, and chanson traditions, filtered through Japanese melodic sensibilities and enka vocal techniques. The shift towa"
k-pop,pop-eastasian,§k-pop,knowledge-evolving/genre-dictionary/23_GENRE_FULLBODY/pop-eastasian/k-pop.md,"K-Pop (Korean Pop) is a global entertainment phenomenon rooted in South Korean popular music that emerged in its modern form during the early 1990s. Far more than a simple music genre, K-Pop represents a complete entertainment ecosystem combining highly polished production, synchronized choreography"
mandopop,pop-eastasian,§mandopop,knowledge-evolving/genre-dictionary/23_GENRE_FULLBODY/pop-eastasian/mandopop.md,"Mandopop (Mandarin Pop) is the largest branch of C-Pop (Chinese popular music), encompassing popular music sung in Mandarin Chinese across Taiwan, mainland China, Singapore, Malaysia, and diaspora communities worldwide. C-Pop itself is an umbrella term covering Mandopop, Cantopop (Cantonese-language"
pop,pop-eastasian,§pop,knowledge-evolving/genre-dictionary/23_GENRE_FULLBODY/pop-eastasian/pop.md,"Pop music is the commercial backbone of the modern music industry, defined by its prioritization of catchy melodies, accessible hooks, and broad emotional appeal. Emerging in the mid-1950s as a softer alternative to rock and roll, pop quickly established itself as the dominant force in popular music"
sophisti-pop,pop-eastasian,§sophisti-pop,knowledge-evolving/genre-dictionary/23_GENRE_FULLBODY/pop-eastasian/sophisti-pop.md,"Sophisti-pop is a polished, musically literate strain of 1980s pop that draws heavily on jazz, soul, and bossa nova, distinguished by lush production, sophisticated harmonic language, horn sections, and a cosmopolitan elegance that set it apart from both the rawness of post-punk and the synthetic co"
synth-pop,pop-eastasian,§synth-pop,knowledge-evolving/genre-dictionary/23_GENRE_FULLBODY/pop-eastasian/synth-pop.md,"Synth-pop is a genre built on the marriage of synthesizer-driven production and pop songcraft, defined by catchy melodies, electronic rhythms, and a polished aesthetic that emerged from the UK's post-punk and new wave scenes in the late 1970s and early 1980s. What began as an experimental reaction a"
vocaloid,pop-eastasian,§vocaloid,knowledge-evolving/genre-dictionary/23_GENRE_FULLBODY/pop-eastasian/vocaloid.md,"Vocaloid is both a voice synthesis technology and the music culture built around it. Yamaha Corporation released the first VOCALOID engine in 2003, but the revolution began with VOCALOID2 in 2007, when Crypton Future Media released Hatsune Miku on August 31, 2007 -- a software voicebank packaged wit"
alternative-rnb,rnb-soul-funk,§alternative-rnb,knowledge-evolving/genre-dictionary/23_GENRE_FULLBODY/rnb-soul-funk/alternative-rnb.md,"Alternative R&B (also called alt-R&B or indie R&B) is a stylistically diverse movement within contemporary R&B that emerged in the late 2000s and early 2010s, defined by its incorporation of electronic music, ambient textures, indie rock, trip-hop, and experimental production into soul and R&B frame"
boogie,rnb-soul-funk,§boogie,knowledge-evolving/genre-dictionary/23_GENRE_FULLBODY/rnb-soul-funk/boogie.md,"Boogie (also called electro-funk or post-disco funk) is a rhythm-and-blues genre of electronic dance music that emerged in the late 1970s and flourished through the mid-1980s, bridging the gap between disco's orchestral lushness and the synthesizer-driven electronic music that would follow. The genr"
disco,rnb-soul-funk,§disco,knowledge-evolving/genre-dictionary/23_GENRE_FULLBODY/rnb-soul-funk/disco.md,"Disco emerged in the early 1970s from the underground club scenes of New York City, Philadelphia, and other urban centers, growing out of funk, soul, and the burgeoning LGBTQ+ nightclub culture. The genre reached mainstream dominance between 1975 and 1979, becoming a cultural phenomenon that defined"
doo-wop,rnb-soul-funk,§doo-wop,knowledge-evolving/genre-dictionary/23_GENRE_FULLBODY/rnb-soul-funk/doo-wop.md,"Doo-wop is a vocal group harmony style that emerged from African American communities in the late 1940s, rooted in the intersection of gospel, blues, and the Ink Spots' pioneering ""top and bottom"" vocal arrangement. Young Black teenagers in New York City, Chicago, Detroit, Baltimore, and other major"
funk,rnb-soul-funk,§funk,knowledge-evolving/genre-dictionary/23_GENRE_FULLBODY/rnb-soul-funk/funk.md,"Funk is a rhythm-driven genre that emerged in the mid-1960s when James Brown and his band began stripping down soul music to its most essential element: the groove. Brown's revolutionary insight was to treat every instrument as a drum, locking bass, guitar, horns, and vocals into an interlocking rhy"
gospel,rnb-soul-funk,§gospel,knowledge-evolving/genre-dictionary/23_GENRE_FULLBODY/rnb-soul-funk/gospel.md,"Gospel music represents one of the most influential and enduring genres in American music history, emerging from the African American religious experience and shaping virtually every popular music genre that followed. Rooted in the spirituals sung by enslaved people, gospel evolved through the late "
motown,rnb-soul-funk,§motown,knowledge-evolving/genre-dictionary/23_GENRE_FULLBODY/rnb-soul-funk/motown.md,"Motown is both a record label and a musical style that reshaped American popular music from the inside out. Berry Gordy Jr. founded Tamla Records on January 12, 1959, in Detroit, Michigan, borrowing $800 from his family savings fund. By 1960, the operation was incorporated as the Motown Record Corpo"
neo-soul,rnb-soul-funk,§neo-soul,knowledge-evolving/genre-dictionary/23_GENRE_FULLBODY/rnb-soul-funk/neo-soul.md,"Neo-soul emerged in the early-to-mid 1990s as a wave of Black American artists pushed back against the increasingly formulaic, producer-driven sound of mainstream contemporary R&B. Where commercial R&B leaned on drum machine programming, sampled loops, and polished pop structures, neo-soul artists r"
new-jack-swing,rnb-soul-funk,§new-jack-swing,knowledge-evolving/genre-dictionary/23_GENRE_FULLBODY/rnb-soul-funk/new-jack-swing.md,"New jack swing is a fusion genre that emerged from Harlem, New York in the mid-1980s, blending the rhythmic grooves of hip-hop with the melodic sensibility of R&B, pop, and dance music. The style was pioneered by producer Teddy Riley, who developed the sound by layering swung hip-hop drum machine pa"
nu-disco,rnb-soul-funk,§nu-disco,knowledge-evolving/genre-dictionary/23_GENRE_FULLBODY/rnb-soul-funk/nu-disco.md,"Nu disco emerged in the mid-to-late 1990s as DJs and producers began revisiting the sounds of 1970s disco, 1980s Italo disco, and Balearic house through a modern electronic lens. The term first appeared in print in a 1996 XLR8R Magazine interview with Chicago house artist Cajmere. British DJs includ"
p-funk,rnb-soul-funk,§p-funk,knowledge-evolving/genre-dictionary/23_GENRE_FULLBODY/rnb-soul-funk/p-funk.md,"P-Funk (short for Parliament-Funkadelic funk, or ""pure funk"") is a sprawling, maximalist strain of funk music created by George Clinton and his rotating collective of musicians operating primarily through two sister groups: Parliament and Funkadelic. The story begins in 1956 in Newark, New Jersey, w"
post-disco,rnb-soul-funk,§post-disco,knowledge-evolving/genre-dictionary/23_GENRE_FULLBODY/rnb-soul-funk/post-disco.md,"Post-disco describes a broad landscape of dance music that emerged from approximately 1979 to 1986, beginning with the commercial backlash against disco in the United States. The pivot point was Disco Demolition Night on July 12, 1979, when a promotional stunt at Chicago's Comiskey Park turned into "
quiet-storm,rnb-soul-funk,§quiet-storm,knowledge-evolving/genre-dictionary/23_GENRE_FULLBODY/rnb-soul-funk/quiet-storm.md,"Quiet storm is a radio format and R&B subgenre defined by smooth, romantic, jazz-influenced soul music performed at slow to midtempo grooves. The name originates from Smokey Robinson's 1975 album *A Quiet Storm*, whose title track became the theme music for a groundbreaking late-night radio show pio"
rnb,rnb-soul-funk,§rnb,knowledge-evolving/genre-dictionary/23_GENRE_FULLBODY/rnb-soul-funk/rnb.md,"Rhythm and Blues emerged in the 1940s as African-American musicians fused electric blues, jazz, and gospel into a new urban sound characterized by strong backbeats, emotional vocal delivery, and sophisticated arrangements. The term ""R&B"" was coined by Billboard journalist Jerry Wexler in 1948 to rep"
trap-soul,rnb-soul-funk,§trap-soul,knowledge-evolving/genre-dictionary/23_GENRE_FULLBODY/rnb-soul-funk/trap-soul.md,"Trap soul is a fusion of contemporary R&B vocal stylings with trap music's 808-driven production, creating a sound that pairs emotional, melodic singing with the hard-hitting drums and dark atmospheres of hip-hop. The genre's foundations were laid by several converging currents in the early 2010s: K"
alternative,rock-metal,§alternative,knowledge-evolving/genre-dictionary/23_GENRE_FULLBODY/rock-metal/alternative.md,"Alternative rock emerged in the early 1980s as an umbrella term for underground rock music that rejected mainstream commercial sensibilities, though the genre's DNA traces back to the late 1970s post-punk explosion. The term itself was coined by college radio programmers seeking to categorize music "
arena-rock,rock-metal,§arena-rock,knowledge-evolving/genre-dictionary/23_GENRE_FULLBODY/rock-metal/arena-rock.md,"Arena rock emerged in the mid-1970s as rock bands scaled up from clubs and theaters to massive venues, developing a sound engineered to fill stadiums with anthemic hooks, soaring vocals, and polished production. The genre's roots trace to the late 1960s, when acts like The Who and Led Zeppelin prove"
black-metal,rock-metal,§black-metal,knowledge-evolving/genre-dictionary/23_GENRE_FULLBODY/rock-metal/black-metal.md,"Black metal emerged from the primordial darkness of 1980s extreme metal, but its second wave in early 1990s Norway transformed it into something unprecedented: a genre defined as much by ideology, aesthetics, and infamy as by its sound. While first-wave pioneers like Venom, Bathory, and Celtic Frost"
death-metal,rock-metal,§death-metal,knowledge-evolving/genre-dictionary/23_GENRE_FULLBODY/rock-metal/death-metal.md,"Death metal coalesced in the mid-1980s from the most extreme fringes of thrash metal, driven by bands that wanted to push speed, heaviness, and aggression beyond what thrash had established. Possessed's *Seven Churches* (1985), recorded by Bay Area teenagers during their Easter break, is widely cons"
djent,rock-metal,§djent,knowledge-evolving/genre-dictionary/23_GENRE_FULLBODY/rock-metal/djent.md,"Djent is a subgenre of progressive metal defined by its percussive, heavily palm-muted guitar tone---the onomatopoeic ""djent"" sound that gives the style its name. The term originated with Meshuggah guitarist Fredrik Thordendal, who used it informally to describe the band's distinctive guitar attack."
doom-metal,rock-metal,§doom-metal,knowledge-evolving/genre-dictionary/23_GENRE_FULLBODY/rock-metal/doom-metal.md,"Doom metal is a subgenre of heavy metal characterized by slow tempos, downtuned guitars, and crushing distorted riffs that evoke themes of despair, darkness, and existential dread. Rooted in the pioneering sound of Black Sabbath's earliest work, doom metal strips heavy metal back to its most fundame"
dream-pop,rock-metal,§dream-pop,knowledge-evolving/genre-dictionary/23_GENRE_FULLBODY/rock-metal/dream-pop.md,"Dream pop is an ethereal, atmosphere-driven subgenre of alternative rock characterized by reverb-drenched guitars, breathy vocals, hazy textures, and a preoccupation with mood over conventional song dynamics. The genre prioritizes immersion and emotional resonance, creating lush sonic landscapes tha"
emo,rock-metal,§emo,knowledge-evolving/genre-dictionary/23_GENRE_FULLBODY/rock-metal/emo.md,"Emo (short for ""emotional hardcore"" or ""emotive hardcore"") is a deeply personal rock genre built on vulnerability, melody, and raw emotional expression. Emerging from the Washington D.C. hardcore punk scene in the mid-1980s, emo has evolved through distinct waves while maintaining its core commitmen"
folk-metal,rock-metal,§folk-metal,knowledge-evolving/genre-dictionary/23_GENRE_FULLBODY/rock-metal/folk-metal.md,"Folk metal emerged in the early 1990s from the collision of extreme metal and traditional European folk music. The genre's origin is traced to Skyclad, an English band formed in 1990 by former Sabbat vocalist Martin Walkyier. Their 1991 debut, *The Wayward Sons of Mother Earth*, wove violin and folk"
garage-rock,rock-metal,§garage-rock,knowledge-evolving/genre-dictionary/23_GENRE_FULLBODY/rock-metal/garage-rock.md,"Garage rock emerged in the mid-1960s as the raw, unpolished response to the British Invasion's slick professionalism. While bands like the Beatles and Rolling Stones conquered radio with studio-perfected recordings, thousands of American teenagers retreated to their parents' garages armed with cheap"
grindcore,rock-metal,§grindcore,knowledge-evolving/genre-dictionary/23_GENRE_FULLBODY/rock-metal/grindcore.md,"Grindcore emerged in the mid-1980s from the collision of hardcore punk and extreme metal, driven by musicians who wanted to push speed, volume, and brevity past every existing limit. The American side of the origin story starts with two bands: Boston's Siege, whose 1984 demo *Drop Dead* compressed h"
groove-metal,rock-metal,§groove-metal,knowledge-evolving/genre-dictionary/23_GENRE_FULLBODY/rock-metal/groove-metal.md,"Groove metal emerged in the late 1980s and early 1990s as a slower, heavier offshoot of thrash metal, trading blistering speed for syncopated, mid-tempo riffs designed to physically move a crowd. The genre's roots trace to New Orleans, where Exhorder began fusing thrash aggression with rhythmic, blu"
grunge,rock-metal,§grunge,knowledge-evolving/genre-dictionary/23_GENRE_FULLBODY/rock-metal/grunge.md,"Grunge emerged from Seattle's underground music scene in the mid-to-late 1980s, crystallizing into a cultural phenomenon that would define early 1990s rock. The genre developed as a raw, unpolished fusion of punk rock's anti-establishment attitude, heavy metal's crushing riffs, and indie rock's DIY "
hardcore-punk,rock-metal,§hardcore-punk,knowledge-evolving/genre-dictionary/23_GENRE_FULLBODY/rock-metal/hardcore-punk.md,"Hardcore punk is an extreme, high-energy evolution of punk rock that emerged in the late 1970s and early 1980s as a reaction against what many saw as punk rock's growing commercialization and mainstream acceptance. Where first-wave punk bands like the Ramones and Sex Pistols retained elements of pop"
indie-folk,rock-metal,§indie-folk,knowledge-evolving/genre-dictionary/23_GENRE_FULLBODY/rock-metal/indie-folk.md,"Indie folk emerged in the late 1990s and early 2000s as a quiet rebellion against both the polished production of mainstream folk and the loud distortion of alternative rock. Drawing from traditional folk's acoustic intimacy and indie rock's DIY ethos, the genre carved out space for introspective st"
indie-rock,rock-metal,§indie-rock,knowledge-evolving/genre-dictionary/23_GENRE_FULLBODY/rock-metal/indie-rock.md,"Indie Rock is a diverse genre characterized by guitar-driven rock music released independently or through smaller labels, with strong aesthetic ties to independent music culture. Born from the DIY ethos of punk and post-punk, indie rock emphasizes artistic autonomy, experimental approaches, and emot"
industrial,rock-metal,§industrial,knowledge-evolving/genre-dictionary/23_GENRE_FULLBODY/rock-metal/industrial.md,"Industrial music emerged in the late 1970s as one of the most confrontational and experimental movements in electronic music history. The term was coined by Throbbing Gristle, who founded Industrial Records in Sheffield, UK in 1976, releasing their debut ""The Second Annual Report"" (1977) and declari"
jam-band,rock-metal,§jam-band,knowledge-evolving/genre-dictionary/23_GENRE_FULLBODY/rock-metal/jam-band.md,"The jam band tradition traces its roots to the mid-1960s San Francisco psychedelic scene, where the Grateful Dead began transforming rock concerts into extended improvisational experiences. Formed in 1965 in Palo Alto as the Warlocks, the Dead drew from folk, blues, country, and psychedelia, using l"
jangle-pop,rock-metal,§jangle-pop,knowledge-evolving/genre-dictionary/23_GENRE_FULLBODY/rock-metal/jangle-pop.md,"Jangle pop takes its name from the bright, ringing tone of arpeggiated electric guitars — a sound pioneered by Roger McGuinn of the Byrds, whose Rickenbacker 12-string electric guitar on their 1965 cover of Bob Dylan's ""Mr. Tambourine Man"" created the genre's foundational sonic signature. The term i"
krautrock,rock-metal,§krautrock,knowledge-evolving/genre-dictionary/23_GENRE_FULLBODY/rock-metal/krautrock.md,"Krautrock is a broad movement of experimental rock music that emerged in West Germany in the late 1960s and early 1970s, driven by a generation of musicians who rejected Anglo-American blues-rock conventions in favor of electronic experimentation, hypnotic repetition, and avant-garde composition. Th"
math-rock,rock-metal,§math-rock,knowledge-evolving/genre-dictionary/23_GENRE_FULLBODY/rock-metal/math-rock.md,"Math rock is a form of guitar-driven rock music defined by rhythmic complexity, angular melodic phrasing, and tight instrumental interplay. Emerging from the post-hardcore and indie rock scenes of the late 1980s and early 1990s, the genre takes its name from the ""mathematical"" quality listeners perc"
melodic-death-metal,rock-metal,§melodic-death-metal,knowledge-evolving/genre-dictionary/23_GENRE_FULLBODY/rock-metal/melodic-death-metal.md,Melodic death metal emerged in the early 1990s when death metal musicians began incorporating the harmonic sensibility of traditional heavy metal and classical music into their extreme sound. The genre's first major statement came from England: Carcass's *Heartwork* (1993) married twin-guitar harmon
metal,rock-metal,§metal,knowledge-evolving/genre-dictionary/23_GENRE_FULLBODY/rock-metal/metal.md,"Metal emerged in the late 1960s and early 1970s from the heavier end of blues rock and psychedelia, crystallizing into a distinct genre with Black Sabbath's self-titled debut in 1970. Tony Iommi's detuned, doom-laden riffs and Ozzy Osbourne's eerie vocals established the template: dark themes, heavy"
metalcore,rock-metal,§metalcore,knowledge-evolving/genre-dictionary/23_GENRE_FULLBODY/rock-metal/metalcore.md,"Metalcore is a fusion genre that emerged from the collision between extreme metal and hardcore punk, developing through distinct phases from underground origins to mainstream dominance. The genre's roots trace to the late 1980s and early 1990s when New York hardcore bands began incorporating metal r"
nerdcore,rock-metal,§nerdcore,knowledge-evolving/genre-dictionary/23_GENRE_FULLBODY/rock-metal/nerdcore.md,"Nerdcore (also nerdcore hip-hop) is a subgenre of hip-hop characterized by themes and subject matter of interest to geek and nerd culture. The genre represents a reclamation of nerd identity through hip-hop's braggadocio tradition—where mainstream rap celebrates street credibility, nerdcore celebrat"
new-wave,rock-metal,§new-wave,knowledge-evolving/genre-dictionary/23_GENRE_FULLBODY/rock-metal/new-wave.md,"New Wave emerged in the late 1970s as rock music embraced electronic synthesis, art-school aesthetics, and post-punk innovation. Born from the ashes of punk's initial explosion, New Wave represented both a continuation and a departure: it retained punk's DIY ethos and rejection of bloated progressiv"
noise-rock,rock-metal,§noise-rock,knowledge-evolving/genre-dictionary/23_GENRE_FULLBODY/rock-metal/noise-rock.md,"Noise rock emerged in the early 1980s from two converging streams: the no wave scene's deliberate destruction of rock conventions and hardcore punk's raw aggression. In New York, bands like Swans and Sonic Youth grew out of the no wave movement that had produced DNA, Mars, and Teenage Jesus and the "
nu-metal,rock-metal,§nu-metal,knowledge-evolving/genre-dictionary/23_GENRE_FULLBODY/rock-metal/nu-metal.md,"Nu-metal emerged from the collision of heavy metal, hip-hop, funk, and alternative rock in the mid-1990s, born primarily out of the California underground. Korn's self-titled debut in 1994---produced by Ross Robinson in Indigo Ranch Studios---is widely recognized as the genre's founding document: Jo"
nwobhm,rock-metal,§nwobhm,knowledge-evolving/genre-dictionary/23_GENRE_FULLBODY/rock-metal/nwobhm.md,"The New Wave of British Heavy Metal (NWOBHM) erupted between 1978 and 1983 as a grassroots movement of young, largely working-class British bands who revitalized heavy metal by injecting it with punk rock's energy and DIY ethos. The term was coined by journalist Geoff Barton in a May 1979 issue of S"
pop-punk,rock-metal,§pop-punk,knowledge-evolving/genre-dictionary/23_GENRE_FULLBODY/rock-metal/pop-punk.md,"Pop punk fuses punk rock's distorted guitars, power chords, and rebellious energy with pop songwriting's melodic hooks, vocal harmonies, and accessible song structures. The genre's roots trace to the late 1970s, when the Buzzcocks and the Ramones demonstrated that punk could be catchy without sacrif"
post-punk-revival,rock-metal,§post-punk-revival,knowledge-evolving/genre-dictionary/23_GENRE_FULLBODY/rock-metal/post-punk-revival.md,"The post-punk revival emerged in the early 2000s as a wave of guitar bands on both sides of the Atlantic drew consciously from the sounds and aesthetics of late 1970s and early 1980s post-punk (see [Post-Punk](../post-punk/README.md)), new wave, and garage rock. The movement was a reaction against t"
post-punk,rock-metal,§post-punk,knowledge-evolving/genre-dictionary/23_GENRE_FULLBODY/rock-metal/post-punk.md,"Post-punk emerged in late 1977 and early 1978 as bands who had absorbed punk's energy and DIY ethos began reaching beyond its three-chord boundaries. The term was first outlined by Jon Savage in his ""New Musick"" editorial for Sounds magazine in November 1977, and the movement coalesced rapidly acros"
post-rock,rock-metal,§post-rock,knowledge-evolving/genre-dictionary/23_GENRE_FULLBODY/rock-metal/post-rock.md,"Post-rock is an experimental genre that emerged in the early 1990s, using conventional rock instrumentation—guitar, bass, drums—in unconventional ways to create expansive, cinematic soundscapes. The term was coined by critic Simon Reynolds in 1994, though the sonic approach had been developing for y"
power-metal,rock-metal,§power-metal,knowledge-evolving/genre-dictionary/23_GENRE_FULLBODY/rock-metal/power-metal.md,"Power metal emerged in the early-to-mid 1980s from two parallel traditions on opposite sides of the Atlantic. In the United States, bands like Manowar, Jag Panzer, Metal Church, and Savatage developed a heavier, riff-driven style rooted in traditional heavy metal and speed metal, characterized by hi"
progressive-rock,rock-metal,§progressive-rock,knowledge-evolving/genre-dictionary/23_GENRE_FULLBODY/rock-metal/progressive-rock.md,"Progressive rock is a genre that breaks the constraints of conventional rock music through extended instrumental passages, complex time signatures, and ambitious compositional structures. Emerging in the late 1960s from the psychedelic rock scene, prog rock synthesizes classical music sophistication"
psychedelic-rock,rock-metal,§psychedelic-rock,knowledge-evolving/genre-dictionary/23_GENRE_FULLBODY/rock-metal/psychedelic-rock.md,"Psychedelic Rock emerged in the mid-1960s as a revolutionary genre that merged rock and roll with experimental studio techniques, Eastern instruments, and surreal lyricism inspired by hallucinogenic experiences. The movement crystallized simultaneously on both coasts of America: San Francisco's Haig"
punk,rock-metal,§punk,knowledge-evolving/genre-dictionary/23_GENRE_FULLBODY/rock-metal/punk.md,"Punk rock exploded in the mid-1970s as a visceral rejection of the bloated excess of arena rock and progressive rock. The movement emerged simultaneously in New York City and London, each scene developing its own distinct character while sharing core values of raw energy, simplicity, and anti-establ"
rockabilly,rock-metal,§rockabilly,knowledge-evolving/genre-dictionary/23_GENRE_FULLBODY/rock-metal/rockabilly.md,"Rockabilly is the earliest form of rock and roll to emerge from white Southern musicians, fusing country music's vocal styles and instrumentation with the rhythm, energy, and attitude of Black rhythm and blues. The genre crystallized at Sam Phillips's Sun Records studio in Memphis between 1954 and 1"
screamo,rock-metal,§screamo,knowledge-evolving/genre-dictionary/23_GENRE_FULLBODY/rock-metal/screamo.md,"Screamo is a subgenre of hardcore punk and emo that emerged in the early 1990s, built on willfully experimental dissonance, extreme dynamics, and screamed vocals delivering raw emotional catharsis. The genre originated in San Diego, California, where bands like Heroin, Angel Hair, and Antioch Arrow "
shoegaze,rock-metal,§shoegaze,knowledge-evolving/genre-dictionary/23_GENRE_FULLBODY/rock-metal/shoegaze.md,"Shoegaze is an ethereal, guitar-driven genre characterized by heavy use of effects pedals, vocals buried in lush layers of sound, and a focus on atmosphere and texture over traditional song structure. The name derives from performers' tendency to gaze down at their effects pedals during live perform"
ska-punk,rock-metal,§ska-punk,knowledge-evolving/genre-dictionary/23_GENRE_FULLBODY/rock-metal/ska-punk.md,"Ska punk is a high-energy fusion genre that marries the upbeat, offbeat rhythms of Jamaican ska with the speed, aggression, and attitude of punk rock. The result is a distinctively kinetic sound characterized by blazing tempos, prominent brass sections, and gang vocal choruses that demand audience p"
sludge-metal,rock-metal,§sludge-metal,knowledge-evolving/genre-dictionary/23_GENRE_FULLBODY/rock-metal/sludge-metal.md,"Sludge metal is an extreme subgenre of heavy metal that fuses the crushing slowness of doom metal with the aggression and rawness of hardcore punk. The sound is built on heavily downtuned, feedback-drenched guitars, abrasive screamed vocals, and a thick, muddy production aesthetic that prioritizes h"
space-rock,rock-metal,§space-rock,knowledge-evolving/genre-dictionary/23_GENRE_FULLBODY/rock-metal/space-rock.md,"Space rock emerged from the late 1960s psychedelic rock scene as musicians began using extended improvisation, electronic effects, and cosmic themes to evoke the vastness of outer space. Early seeds were planted by Joe Meek's 1959 concept album *I Hear a New World* and Pink Floyd's Syd Barrett-era w"
speed-metal,rock-metal,§speed-metal,knowledge-evolving/genre-dictionary/23_GENRE_FULLBODY/rock-metal/speed-metal.md,"Speed metal emerged in the late 1970s and early 1980s as a bridge between traditional heavy metal and the extreme metal genres that followed. Its roots lie in the New Wave of British Heavy Metal (NWOBHM) and the boundary-pushing velocity of bands like Motorhead, Judas Priest, and Accept, all of whom"
stoner-rock,rock-metal,§stoner-rock,knowledge-evolving/genre-dictionary/23_GENRE_FULLBODY/rock-metal/stoner-rock.md,"Stoner rock is a subgenre of rock music that fuses the heavy, downtuned riffing of Black Sabbath with the psychedelic experimentation of 1960s and 70s acid rock, filtered through thick layers of fuzz and distortion. The genre emerged in the early 1990s from two parallel scenes: the Palm Desert under"
surf-rock,rock-metal,§surf-rock,knowledge-evolving/genre-dictionary/23_GENRE_FULLBODY/rock-metal/surf-rock.md,"Surf rock emerged in early 1960s Southern California as a distinctive guitar-driven rock style defined by reverb-drenched instrumentation, tremolo picking, and thematic preoccupation with beach culture and ocean imagery. The genre's sonic template was largely established by Dick Dale, ""King of the S"
symphonic-metal,rock-metal,§symphonic-metal,knowledge-evolving/genre-dictionary/23_GENRE_FULLBODY/rock-metal/symphonic-metal.md,"Symphonic metal fuses heavy metal's distorted guitars and driving rhythms with orchestral arrangements, choral vocals, and classical composition techniques. The genre treats keyboards and orchestration not as embellishment but as structural equals to the guitar — songs are built around sweeping stri"
thrash-metal,rock-metal,§thrash-metal,knowledge-evolving/genre-dictionary/23_GENRE_FULLBODY/rock-metal/thrash-metal.md,"Thrash metal emerged in the early 1980s as a volatile fusion of heavy metal's power and punk's raw, rebellious energy. Born in the underground clubs of the San Francisco Bay Area, the genre represented a direct revolt against the polished excess of 1980s hair metal and the perceived creative stagnat"
viking-metal,rock-metal,§viking-metal,knowledge-evolving/genre-dictionary/23_GENRE_FULLBODY/rock-metal/viking-metal.md,"Viking metal originated in the late 1980s when Swedish musician Quorthon, the sole creative force behind Bathory, turned away from the raw Satanic black metal of his early albums toward something grander: epic hymns celebrating Norse mythology, Viking warriors, and pagan spirituality. Bathory's *Blo"
afro-cuban,world,§afro-cuban,knowledge-evolving/genre-dictionary/23_GENRE_FULLBODY/world/afro-cuban.md,"Afro-Cuban music refers to the family of genres born from the meeting of West African religious and rhythmic traditions with Spanish colonial melody and song forms on the island of Cuba. The Yoruba people, brought to Cuba as enslaved laborers and known there as Lucumi, preserved their spiritual prac"
afro-house,world,§afro-house,knowledge-evolving/genre-dictionary/23_GENRE_FULLBODY/world/afro-house.md,"Afro house emerged in South Africa during the mid-1990s as the country's post-apartheid cultural renaissance opened space for musical experimentation. The genre fused Chicago and Detroit house music's electronic framework with traditional African percussion, melodies, and vocal styles, creating a so"
afrobeats,world,§afrobeats,knowledge-evolving/genre-dictionary/23_GENRE_FULLBODY/world/afrobeats.md,"Afrobeats is a contemporary West African popular music genre that emerged from Nigeria in the early 2000s, evolving from the country's rich musical traditions including Afrobeat (note the singular - Fela Kuti's politically charged 1970s fusion), highlife, juju, and fuji music. The genre crystallized"
afropop,world,§afropop,knowledge-evolving/genre-dictionary/23_GENRE_FULLBODY/world/afropop.md,"Afropop is a broad umbrella term for African popular music that blends indigenous African musical traditions with Western pop instrumentation and production techniques. The term gained currency in the 1980s as Western audiences discovered artists like King Sunny Ade, whose juju-infused albums *Juju "
afroswing,world,§afroswing,knowledge-evolving/genre-dictionary/23_GENRE_FULLBODY/world/afroswing.md,"Afroswing is a UK-born fusion genre that emerged from London's African and Caribbean diaspora communities in the mid-2010s. The term was coined by rapper Kojo Funds around 2016, describing a sound that blends Afrobeats rhythms and melodies with dancehall riddims, UK rap, grime energy, and contempora"
amapiano,world,§amapiano,knowledge-evolving/genre-dictionary/23_GENRE_FULLBODY/world/amapiano.md,"Amapiano emerged from the townships of Gauteng province, South Africa, during the early-to-mid 2010s as a grassroots fusion of deep house, kwaito, and jazz. The name derives from the isiZulu word for ""pianos,"" pointing to the genre's defining melodic instrument. Its exact birthplace remains debated "
axe,world,§axe,knowledge-evolving/genre-dictionary/23_GENRE_FULLBODY/world/axe.md,"Axe (from the Yoruba word ase, meaning soul, spirit, or positive energy) is a Brazilian popular music genre that emerged in Salvador, Bahia, in the 1980s as the sound of the city's massive Carnival celebrations. The genre's roots extend back to the 1950s, when the trio of Armandinho, Dodo, and Osmar"
bachata,world,§bachata,knowledge-evolving/genre-dictionary/23_GENRE_FULLBODY/world/bachata.md,"Bachata emerged in the bars, brothels, and rural communities of the Dominican Republic during the early 1960s, rooted in a broader tradition of informal gatherings called bachatas that featured guitar-based music, storytelling, and dance. Jose Manuel Calderon recorded the first commercially released"
baile-funk,world,§baile-funk,knowledge-evolving/genre-dictionary/23_GENRE_FULLBODY/world/baile-funk.md,"Baile funk (also known as funk carioca or favela funk) emerged in the late 1980s and early 1990s in the favelas of Rio de Janeiro, Brazil. The genre evolved from Miami bass and freestyle electro — imported via bootleg tapes and sound system culture — blended with local rhythmic traditions including "
banda,world,§banda,knowledge-evolving/genre-dictionary/23_GENRE_FULLBODY/world/banda.md,"Banda music originated in the Mexican state of Sinaloa during the 1880s, when local communities began imitating European military brass bands using piston-valved instruments that had arrived during the Second Mexican Empire in the 1860s. German, Polish, and Czech immigrants who settled in Sinaloa, C"
bhangra,world,§bhangra,knowledge-evolving/genre-dictionary/23_GENRE_FULLBODY/world/bhangra.md,"Bhangra originated as a folk dance performed by Punjabi farmers in the Punjab region of South Asia, with roots traced to the 14th or 15th century in the Sialkot district (now in Pakistan). The dance was tied to the spring harvest festival Baisakhi, celebrating the completion of the wheat crop — the "
bolero,world,§bolero,knowledge-evolving/genre-dictionary/23_GENRE_FULLBODY/world/bolero.md,"Bolero is the Latin American romantic ballad tradition, born in Santiago de Cuba in the last quarter of the 19th century from the trova movement of wandering guitar-playing troubadours. The genre has no connection to the Spanish orchestral bolero of the same name -- Cuban bolero is intimate, guitar-"
bollywood,world,§bollywood,knowledge-evolving/genre-dictionary/23_GENRE_FULLBODY/world/bollywood.md,"Bollywood music — formally known as filmi music — is the song-driven soundtrack tradition of Hindi-language cinema produced in Mumbai (historically Bombay). It began in 1931 with India's first sound film *Alam Ara*, directed by Ardeshir Irani, which featured seven songs sung live on set by actors. T"
bongo-flava,world,§bongo-flava,knowledge-evolving/genre-dictionary/23_GENRE_FULLBODY/world/bongo-flava.md,"Bongo Flava emerged in Dar es Salaam, Tanzania, during the early 1990s as young artists began rapping in Swahili over American hip-hop instrumentals. The genre's origin is often traced to 1991, when Saleh Jabeh (Saleh J) rapped in Swahili over the instrumental of Vanilla Ice's ""Ice Ice Baby"" -- the "
bossa-nova,world,§bossa-nova,knowledge-evolving/genre-dictionary/23_GENRE_FULLBODY/world/bossa-nova.md,"Bossa Nova is a sophisticated Brazilian music genre that emerged in the late 1950s Rio de Janeiro, blending the rhythmic foundations of samba with jazz harmonies, complex chords, and subtle vocal delivery. The genre was born from informal gatherings in apartments of Rio's affluent Zona Sul neighborh"
calypso,world,§calypso,knowledge-evolving/genre-dictionary/23_GENRE_FULLBODY/world/calypso.md,"Calypso is a musical genre that originated in Trinidad and Tobago in the early-to-mid 19th century, rooted in the West African kaiso tradition brought to the Caribbean by enslaved peoples. French planters who arrived in Trinidad from the French Antilles in the 18th century brought Carnival, and caly"
chanson,world,§chanson,knowledge-evolving/genre-dictionary/23_GENRE_FULLBODY/world/chanson.md,"Chanson — literally ""song"" in French — refers to a tradition of French-language vocal music that places literary lyrics, melodic sophistication, and emotional delivery at its center. The genre's modern roots trace to the Parisian café-concert and cabaret culture of the late 19th century, where perfo"
cumbia,world,§cumbia,knowledge-evolving/genre-dictionary/23_GENRE_FULLBODY/world/cumbia.md,"Cumbia originated on Colombia's Caribbean coast, in the Momposina region along the Magdalena River delta between Barranquilla and Cartagena, as a courtship dance among Afro-Colombian and Indigenous communities during the colonial era. The music fused three distinct cultural streams: West African per"
dancehall,world,§dancehall,knowledge-evolving/genre-dictionary/23_GENRE_FULLBODY/world/dancehall.md,"Dancehall is a Jamaican popular music genre that emerged in the late 1970s and crystallized in the early 1980s as a distinct departure from roots reggae. Born in Kingston's inner-city sound system culture, dancehall stripped away reggae's heavy instrumentation in favor of sparse, synthesizer-driven "
dub,world,§dub,knowledge-evolving/genre-dictionary/23_GENRE_FULLBODY/world/dub.md,"Dub is a production-driven genre that originated in Kingston, Jamaica during the late 1960s and early 1970s, born from the practice of creating instrumental ""versions"" of reggae tracks for sound system DJs and toasters. What began as simply stripping vocals from existing recordings became a radical "
fado,world,§fado,knowledge-evolving/genre-dictionary/23_GENRE_FULLBODY/world/fado.md,"Fado is a Portuguese vocal music tradition traceable to the 1820s in Lisbon, rooted in the working-class neighborhoods of Alfama, Mouraria, and Bairro Alto. The genre emerged from taverns and port-side gathering places, drawing on a blend of Afro-Brazilian song forms, local folk traditions, and the "
flamenco,world,§flamenco,knowledge-evolving/genre-dictionary/23_GENRE_FULLBODY/world/flamenco.md,"Flamenco is an art form rooted in the Andalusian region of southern Spain, shaped over centuries by the Romani (gitano) communities who settled there alongside Moorish, Sephardic Jewish, and indigenous Andalusian populations. The genre emerged from this cultural collision -- Roma migrants who arrive"
ghazal,world,§ghazal,knowledge-evolving/genre-dictionary/23_GENRE_FULLBODY/world/ghazal.md,"The ghazal is a poetic and musical form originating in 7th-century Arabic poetry, evolving from the qasida (a long-form ode praising rulers) into a shorter, more intimate expression of love, loss, and longing. The form traveled from Arabia to Persia, where poets such as Hafiz (1315-1390), Rumi (1207"
highlife,world,§highlife,knowledge-evolving/genre-dictionary/23_GENRE_FULLBODY/world/highlife.md,"Highlife is the foundational popular music genre of West Africa, originating in coastal Ghana (then the Gold Coast) in the late 19th and early 20th centuries. The genre emerged from a collision of local Akan musical traditions -- particularly Fante osibisaba rhythms and Ashanti percussion -- with th"
indian-classical,world,§indian-classical,knowledge-evolving/genre-dictionary/23_GENRE_FULLBODY/world/indian-classical.md,"Indian classical music is one of the oldest continuous musical traditions in the world, with theoretical foundations traced to the Vedic texts (circa 1500 BCE) and the Natyashastra, Bharata Muni's treatise on performing arts composed between 200 BCE and 200 CE. The tradition is organized around two "
juju,world,§juju,knowledge-evolving/genre-dictionary/23_GENRE_FULLBODY/world/juju.md,"Juju is a Yoruba popular music genre that originated in Lagos, Nigeria, in the 1920s and 1930s. The genre grew out of palm wine music -- the syncretic acoustic guitar tradition of West African port cities -- fused with Yoruba vocal aesthetics, praise-singing traditions, and indigenous percussion. Tu"
klezmer,world,§klezmer,knowledge-evolving/genre-dictionary/23_GENRE_FULLBODY/world/klezmer.md,"Klezmer is the instrumental musical tradition of the Ashkenazi Jews of Central and Eastern Europe, with professional roots stretching back to medieval Germany. The word ""klezmer"" derives from the Hebrew ""kley zemer"" (instruments of song), and by the 15th-16th centuries, itinerant klezmer musicians -"
kuduro,world,§kuduro,knowledge-evolving/genre-dictionary/23_GENRE_FULLBODY/world/kuduro.md,"Kuduro is a high-energy electronic dance music genre that originated in Luanda, Angola, in the late 1980s during the country's brutal civil war. The genre began when producers started mixing African percussion samples with zouk beton (""hard"" zouk) from the French Caribbean, soca rhythms, and Europea"
kwaito,world,§kwaito,knowledge-evolving/genre-dictionary/23_GENRE_FULLBODY/world/kwaito.md,"Kwaito is a South African music genre that emerged from the townships of Johannesburg, particularly Soweto, in the early 1990s. Its birth coincided with the end of apartheid and the beginning of Nelson Mandela's presidency in 1994, making it the soundtrack of a newly free generation. The genre's cre"
latin-trap,world,§latin-trap,knowledge-evolving/genre-dictionary/23_GENRE_FULLBODY/world/latin-trap.md,"Latin trap is a Spanish-language evolution of Atlanta-born trap music that emerged from Puerto Rico's reggaeton scene in the mid-2010s and rapidly became one of the most commercially dominant forces in Latin music. The genre's earliest roots trace to 2007, when Puerto Rican reggaeton artists Arcange"
latin,world,§latin,knowledge-evolving/genre-dictionary/23_GENRE_FULLBODY/world/latin.md,"Latin music is a vast musical ecosystem rooted in the rhythmic traditions of Spanish, Portuguese, and African cultures across the Americas. The genre's foundation lies in the clave - a five-note rhythmic pattern that underlies Cuban son, salsa, and countless derivatives - but Latin music extends far"
lovers-rock,world,§lovers-rock,knowledge-evolving/genre-dictionary/23_GENRE_FULLBODY/world/lovers-rock.md,"Lovers rock is a romantic subgenre of reggae that originated in London's Black British Caribbean community in the mid-1970s, making it one of the few reggae styles born outside Jamaica. The genre emerged when young British-Caribbean producers and artists -- many of them women -- began crafting smoot"
mambo,world,§mambo,knowledge-evolving/genre-dictionary/23_GENRE_FULLBODY/world/mambo.md,"Mambo is a Cuban-born big-band dance music that emerged in the late 1930s from the syncopated final section of the danzon and exploded into an international phenomenon in the late 1940s and 1950s. The genre's roots trace to the charanga orchestra Arcano y sus Maravillas, whose cellist and arranger I"
mbalax,world,§mbalax,knowledge-evolving/genre-dictionary/23_GENRE_FULLBODY/world/mbalax.md,"Mbalax is the dominant popular music of Senegal and the Gambia, built on the polyrhythmic foundation of sabar drumming from the Wolof people. The genre emerged in urban Dakar in the early 1970s when Senegalese musicians began fusing indigenous rhythmic traditions with the imported sounds that had do"
merengue,world,§merengue,knowledge-evolving/genre-dictionary/23_GENRE_FULLBODY/world/merengue.md,"Merengue is the national music and dance of the Dominican Republic, with roots stretching back to the mid-19th century. The earliest documented merengue, ""Juana Quilina,"" dates to 1855 and is attributed to Juan Bautista Alfonseca. The genre emerged from the fusion of African drumming traditions (car"
qawwali,world,§qawwali,knowledge-evolving/genre-dictionary/23_GENRE_FULLBODY/world/qawwali.md,"Qawwali is a form of Sufi devotional music originating in the Indian subcontinent during the 13th century. The word derives from the Arabic ""qaul"" (utterance), and the tradition is attributed to Amir Khusrau (1253-1325), a poet, musician, and spiritual disciple of the Sufi saint Hazrat Nizamuddin Au"
reggae,world,§reggae,knowledge-evolving/genre-dictionary/23_GENRE_FULLBODY/world/reggae.md,"Reggae is Jamaica's most influential musical export, a genre that transformed global popular music while serving as a vehicle for profound social commentary, spiritual expression, and cultural resistance. Emerging in Kingston in the late 1960s, reggae evolved from the accelerated rhythms of ska (196"
reggaeton,world,§reggaeton,knowledge-evolving/genre-dictionary/23_GENRE_FULLBODY/world/reggaeton.md,"Reggaeton is a Latin urban music genre rooted in Puerto Rico's underground scene of the early 1990s, though its prehistory traces to Panama where artists like El General and Nando Boom first recorded Spanish-language vocals over Jamaican dancehall riddims in the late 1980s. The genre's rhythmic back"
rocksteady,world,§rocksteady,knowledge-evolving/genre-dictionary/23_GENRE_FULLBODY/world/rocksteady.md,"Rocksteady is the transitional Jamaican genre that bridged the gap between ska and reggae, flourishing during a brief but intensely creative period from roughly 1966 to 1968. As ska's frantic tempos slowed under the influence of American soul and R&B flooding Jamaican radio waves, musicians discover"
roots-reggae,world,§roots-reggae,knowledge-evolving/genre-dictionary/23_GENRE_FULLBODY/world/roots-reggae.md,"Roots reggae is the spiritually-driven core of Jamaican reggae music, emerging in the early 1970s as artists channeled the Rastafari movement's philosophical and theological framework into deeply conscious songwriting. Rooted in Kingston's communities, it grew from the rocksteady era's rhythmic inno"
samba,world,§samba,knowledge-evolving/genre-dictionary/23_GENRE_FULLBODY/world/samba.md,"Samba emerged in the early twentieth century from the Afro-Brazilian communities of Rio de Janeiro, forged by formerly enslaved Bahians who settled in the port-area neighborhoods known as ""Little Africa"" after abolition in 1888. These communities fused West African drumming traditions, Portuguese me"
schlager,world,§schlager,knowledge-evolving/genre-dictionary/23_GENRE_FULLBODY/world/schlager.md,"Schlager is a genre of popular music rooted in German-speaking Europe, with origins traceable to Viennese operetta and light entertainment music of the late 19th century. The term itself was first applied to music in an 1867 review of Johann Strauss II's *The Blue Danube* in the Wiener Fremden-Blatt"
ska,world,§ska,knowledge-evolving/genre-dictionary/23_GENRE_FULLBODY/world/ska.md,"Ska originated in Jamaica in the late 1950s, emerging from Kingston's sound system culture as musicians fused American rhythm and blues, jazz, and the island's indigenous mento folk music into something entirely new. Producers and sound system operators like Clement ""Coxsone"" Dodd and Duke Reid bega"
soca,world,§soca,knowledge-evolving/genre-dictionary/23_GENRE_FULLBODY/world/soca.md,"Soca (soul of calypso) is a music genre that originated in Trinidad and Tobago in the early 1970s, created by calypsonian Lord Shorty (later Ras Shorty I) as a deliberate effort to revitalize calypso, whose popularity among younger Trinidadians was declining in the face of Jamaican reggae and Americ"
soukous,world,§soukous,knowledge-evolving/genre-dictionary/23_GENRE_FULLBODY/world/soukous.md,"Soukous is a guitar-driven dance music genre that originated in the Democratic Republic of the Congo (formerly Zaire) and the Republic of the Congo during the early 1960s. The genre evolved directly from Congolese rumba, which itself emerged in the 1940s and 1950s when Congolese musicians in Leopold"
tango,world,§tango,knowledge-evolving/genre-dictionary/23_GENRE_FULLBODY/world/tango.md,"Tango originated in the working-class neighborhoods of Buenos Aires and Montevideo in the late 1880s and 1890s, born from the collision of African candombe, Cuban habanera, Spanish-Italian immigrant music, and the milonga of the Río de la Plata pampas. The early tango -- called tango orillero or tan"
tropicalia,world,§tropicalia,knowledge-evolving/genre-dictionary/23_GENRE_FULLBODY/world/tropicalia.md,"Tropicalia (Tropicalismo) erupted in Brazil between 1967 and 1968 as a radical cultural movement that fused Brazilian popular music with psychedelic rock, avant-garde composition, and countercultural defiance. The movement emerged from a group of Bahian musicians — primarily Caetano Veloso, Gilberto"
