video_id,published_at,title,url,language_guess,lyric_likeness_score,is_lyric_like,line_count,avg_line_len,series_guess,character_guess,song_title_guess,profile_tags,description_hash
XOpQU1cedfg,2026-06-10T16:32:13Z,[ラン・サルラ・ラン] マリー - '濡れた靴で踊ろう' [JA],https://www.youtube.com/watch?v=XOpQU1cedfg,JA,63.2,yes,85,8.36,ラン・サルラ・ラン,マリー,濡れた靴で踊ろう,rain_city | run_dance_motion,ab90175501fe
dJWOUc-fF0Y,2026-06-08T19:29:07Z,[ラン・サルラ・ラン]  マリー x ネル - '氷みたいに熱くなれ' [JA],https://www.youtube.com/watch?v=dJWOUc-fF0Y,JA,68.3,yes,58,12.21,ラン・サルラ・ラン,マリー | ネル,氷みたいに熱くなれ,summer_heat,8e218ea16676
UGskVzX065s,2026-06-08T18:52:59Z,[デルビル P.I.D.] マルティナ - '夏が笑うほど' [JA],https://www.youtube.com/watch?v=UGskVzX065s,JA,70.0,yes,87,5.78,デルビル P.I.D.,マルティナ,夏が笑うほど,summer_heat | run_dance_motion,96b436ad8487
-bB04bgx6_4,2026-06-07T14:44:58Z,[ラン・サルラ・ラン] レベッカ x ルーク - 'それ、いち、に、さん' [JA],https://www.youtube.com/watch?v=-bB04bgx6_4,JA,69.8,yes,52,9.67,ラン・サルラ・ラン,レベッカ | ルーク,それ、いち、に、さん,general_lyric_history,a013f94b8e2e
le4AZ5UeNYA,2026-06-07T08:43:03Z,[Derville Pen is dead!] Park Bongnam - 'Launchpad Ground' [EN],https://www.youtube.com/watch?v=le4AZ5UeNYA,EN,39.8,yes,56,42.05,Derville Pen is dead!,Park Bongnam,Launchpad Ground,general_lyric_history,78ea4868086a
KBiqICKbmeM,2026-06-06T20:43:58Z,[ラン・サルラ・ラン]  'ゴーイング マッド! (GOING MAD!)' [JA],https://www.youtube.com/watch?v=KBiqICKbmeM,JA,70.0,yes,49,13.78,ラン・サルラ・ラン,,ゴーイング マッド! (GOING MAD!),general_lyric_history,f3e8b9a71192
zE_8D7l4M_s,2026-06-06T19:42:35Z,"[Derville Pen is dead!] 미첼 x 마르티나 - '바람, 풀내음 그리고' [KO]",https://www.youtube.com/watch?v=zE_8D7l4M_s,KR,65.0,yes,36,16.53,Derville Pen is dead!,미첼 | 마르티나,"바람, 풀내음 그리고",summer_heat | winter_christmas | rain_city | run_dance_motion | self_denial_rationalization,7626783f8390
ZkjrB6NW7uk,2026-06-06T19:15:21Z,[Run Sarura Run!] 테피 - '바람이 지나간 사이' [KO],https://www.youtube.com/watch?v=ZkjrB6NW7uk,KR,65.5,yes,33,12.42,Run Sarura Run!,테피,바람이 지나간 사이,summer_heat | rain_city | self_denial_rationalization | tender_comfort | dark_cool,2a2769be4993
8cn1ilJcdxg,2026-06-06T12:18:45Z,[デルビル P.I.D.] シスタトゥー x シスターウナ - '平熱でレア' [JA],https://www.youtube.com/watch?v=8cn1ilJcdxg,JA,67.0,yes,30,12.43,デルビル P.I.D.,シスタトゥー | シスターウナ,平熱でレア,general_lyric_history,cf43eae1d65f
IFzTRhziByw,2026-06-05T21:46:52Z,[Run Sarura Run!] Luke x Kreather - 'On a Two-Dollar Day' [EN],https://www.youtube.com/watch?v=IFzTRhziByw,EN,55.4,yes,57,32.95,Run Sarura Run!,Luke | Kreather,On a Two-Dollar Day,general_lyric_history,f18b95ccaba9
n5MIlPx2lT8,2026-06-04T16:01:07Z,[ラン・サルラ・ラン] サリーxレイニー - 'ギャルちゃんたち、再デビュー!（ミラーボールを回して）' [JA],https://www.youtube.com/watch?v=n5MIlPx2lT8,JA,67.1,yes,51,11.27,ラン・サルラ・ラン,サリー | レイニー,ギャルちゃんたち、再デビュー!（ミラーボールを回して）,summer_heat | run_dance_motion,f23283e6e0d3
MpPlJMVsNwY,2026-06-02T14:40:14Z,[Run Sarura Run!] 'Take It Slow' [KO],https://www.youtube.com/watch?v=MpPlJMVsNwY,KR,66.5,yes,37,11.68,Run Sarura Run!,,Take It Slow,summer_heat | self_denial_rationalization | cute_comedy | tender_comfort | idol_pop_hook,c4743c501e60
ecoRXfa5ZWo,2026-05-31T11:27:13Z,[Derville Pen is dead!] Tarahan - 'Wish Number Three' [EN],https://www.youtube.com/watch?v=ecoRXfa5ZWo,EN,38.2,yes,54,42.19,Derville Pen is dead!,Tarahan,Wish Number Three,labor_work,ca540b55e2d9
HS24xo9KxeE,2026-05-31T09:41:29Z,[Derville Pen is dead!] 젠슨 - '가산디지토리안과 구로구' [KO],https://www.youtube.com/watch?v=HS24xo9KxeE,KR,64.7,yes,38,13.76,Derville Pen is dead!,젠슨,가산디지토리안과 구로구,rain_city | run_dance_motion | self_denial_rationalization | cute_comedy | heroic_fantasy,0e259a877be2
GHP2K__TU4E,2026-05-29T17:59:39Z,Paletita de Limón (Bongnam de Derville P.I.D.) [ES],https://www.youtube.com/watch?v=GHP2K__TU4E,EN,63.9,yes,41,26.73,ES,Paletita de Limón,,general_lyric_history,9159e857de78
PDTlJbNzs0w,2026-05-29T15:24:41Z,[Run Sarura Run!] 마리 - '마리 온 더 루프탑 (Marie on the Rooftop)' [KO],https://www.youtube.com/watch?v=PDTlJbNzs0w,KR,61.3,yes,46,15.96,Run Sarura Run!,마리,마리 온 더 루프탑 (Marie on the Rooftop),rain_city | tender_comfort | dark_cool,7c5c764bfbce
su9j3_Vezjs,2026-05-29T15:11:08Z,[Derville Pen is dead!] 시스 타투 - '충고 고마워' [KO],https://www.youtube.com/watch?v=su9j3_Vezjs,KR,67.2,yes,46,14.54,Derville Pen is dead!,시스 타투,충고 고마워,self_denial_rationalization | cute_comedy | heroic_fantasy | tender_comfort,aa4d7610c7e0
I4u8N1JNn3A,2026-05-29T14:57:24Z,La Dueña (Martina de Derville P.I.D.) [ES],https://www.youtube.com/watch?v=I4u8N1JNn3A,EN,65.9,yes,46,26.33,ES,La Dueña,,general_lyric_history,36542894a49b
EpYDN4h8GpA,2026-05-27T16:06:23Z,[Derville Pen is dead!] Mitchell - 'Two strangers in the lights (feat. Bongnam)'  [EN],https://www.youtube.com/watch?v=EpYDN4h8GpA,EN,59.9,yes,57,32.32,Derville Pen is dead!,Mitchell,Two strangers in the lights (feat. Bongnam),general_lyric_history,02428b930224
Pkcwpx-tNSA,2026-05-26T14:08:30Z,[Derville Pen is dead!] Sis. Una - 'August in the Room' [EN],https://www.youtube.com/watch?v=Pkcwpx-tNSA,EN,65.0,yes,62,18.71,Derville Pen is dead!,Sis. Una,August in the Room,general_lyric_history,4531c6faed81
S0cUttqa3z4,2026-05-25T15:31:51Z,[Derville Pen is dead!] Sis Tatoo - 'Your Mileage' [EN],https://www.youtube.com/watch?v=S0cUttqa3z4,EN,67.1,yes,51,22.84,Derville Pen is dead!,Sis Tatoo,Your Mileage,general_lyric_history,99de912654bf
6DsiPo4w3BQ,2026-05-25T08:46:20Z,[Run Sarura Run!] 샐리 - '런닝메이트 (Running mate)' [KO],https://www.youtube.com/watch?v=6DsiPo4w3BQ,KR,60.0,yes,49,14.73,Run Sarura Run!,샐리,런닝메이트 (Running mate),summer_heat | winter_christmas | rain_city | run_dance_motion | self_denial_rationalization,b9bb77e451ec
1pImx46NYj4,2026-05-23T17:38:57Z,[데르빌의 일상] '오늘의 합동기' 올레그x박봉남 [KO],https://www.youtube.com/watch?v=1pImx46NYj4,KR,26.2,no_or_needs_manual_review,6,29.33,데르빌의 일상,올레그 | 박봉남,오늘의 합동기,self_denial_rationalization | heroic_fantasy,690debe8fcf2
08sFHYkhPNo,2026-05-23T13:48:14Z,"[Run Sarura Run!] [Project SD] 마리 - Skill Cutscene ""Cat-erize Straight!"" #스킬컷씬 #게임컷씬 #힐러 #게임개발 #인디게임",https://www.youtube.com/watch?v=08sFHYkhPNo,KR,62.4,yes,29,23.03,Run Sarura Run! | Project SD,마리,Cat-erize Straight!,heroic_fantasy,bb799d162b58
wyLjBlZNQ7g,2026-05-23T09:41:26Z,"[Run Sarura Run!] 카샤스 - 'Trust, but verify' [KO]",https://www.youtube.com/watch?v=wyLjBlZNQ7g,KR,63.9,yes,69,11.26,Run Sarura Run!,카샤스,"Trust, but verify",winter_christmas | self_denial_rationalization | cute_comedy | heroic_fantasy | tender_comfort,028fc90a4229
FXjhp86K00o,2026-05-23T01:54:35Z,[Derville Pen is dead!] 박봉남 - '해에게서 해에게' [KO],https://www.youtube.com/watch?v=FXjhp86K00o,KR,67.2,yes,54,13.72,Derville Pen is dead!,박봉남,해에게서 해에게,summer_heat | winter_christmas | rain_city | self_denial_rationalization | tender_comfort,0e8ae10decc4
oJhf0gSC_bg,2026-05-22T14:33:32Z,[Run Sarura Run!] 체니 - '태양빠이클럽 (Sun Bye Club)' [KO],https://www.youtube.com/watch?v=oJhf0gSC_bg,KR,39.6,yes,14,49.57,Run Sarura Run!,체니,태양빠이클럽 (Sun Bye Club),summer_heat | winter_christmas | run_dance_motion | self_denial_rationalization | cute_comedy,df86520db0aa
UtawCyxzIIY,2026-05-20T12:32:47Z,[Run Sarura Run!] 네르 - '장미폭풍경보(ROSE STORM ALERT) ' [KO],https://www.youtube.com/watch?v=UtawCyxzIIY,KR,66.0,yes,40,12.55,Run Sarura Run!,네르,장미폭풍경보(ROSE STORM ALERT) ,summer_heat | winter_christmas | rain_city | self_denial_rationalization | cute_comedy,025fb02a3ceb
hKmiYHnwWJk,2026-05-19T15:45:42Z,[Derville Pen is dead!] 우나 - '울던 그 날에도 그 자리에서' [KO],https://www.youtube.com/watch?v=hKmiYHnwWJk,KR,62.0,yes,32,12.44,Derville Pen is dead!,우나,울던 그 날에도 그 자리에서,summer_heat | tender_comfort | dark_cool,b662a26c0396
EF100FNj-YM,2026-05-18T16:28:11Z,"[Derville P.I.D.] 봉남이가 찢었다! ""Gracepool Party Crusher"" 인스트 15초 🌡️🤧 #박봉남 #TeamLemot #레못맛소녀곰 #여름노래",https://www.youtube.com/watch?v=EF100FNj-YM,KR,32.1,no_or_needs_manual_review,15,35.53,Derville P.I.D.,봉남이가 찢었다! 인스트 15초 🌡️🤧 #박봉남 #TeamLemot #레못맛소녀곰 #여름노래,Gracepool Party Crusher,summer_heat | rain_city | tender_comfort | idol_pop_hook,60eb28ac4fef
DC8fP6La-fQ,2026-05-18T14:04:10Z,[Derville Pen is dead!] 박봉남 - 'Gracepool Party Crusher' [KO],https://www.youtube.com/watch?v=DC8fP6La-fQ,KR,66.0,yes,40,14.18,Derville Pen is dead!,박봉남,Gracepool Party Crusher,winter_christmas | cute_comedy | tender_comfort | dark_cool | idol_pop_hook,cdb54b237b5c
U3038z4h9JI,2026-05-17T12:20:54Z,[Run Sarura Run!] 벨로나 - 'Threshold' [KO],https://www.youtube.com/watch?v=U3038z4h9JI,KR,70.0,yes,54,5.57,Run Sarura Run!,벨로나,Threshold,summer_heat | rain_city | self_denial_rationalization | tender_comfort,f8733c34fb3e
QUsr7Cr3gSQ,2026-05-17T09:17:19Z,"[Derville P.I.D.] 마르티나와 봉남이의 ""여름 감기는 개도 안 걸린다던데!"" 15초 🌡️🤧 #마르티나 #박봉남 #TeamLemot #레못맛소녀곰 #여름노래 #미리듣기",https://www.youtube.com/watch?v=QUsr7Cr3gSQ,KR,30.0,no_or_needs_manual_review,14,42.79,Derville P.I.D.,마르티나 | 봉남이의 15초 🌡️🤧 #마르티나 #박봉남 #TeamLemot #레못맛소녀곰 #여름노래 #미리듣기,여름 감기는 개도 안 걸린다던데!,summer_heat | rain_city | self_denial_rationalization | tender_comfort | dark_cool,5bf1cd50595c
fDl14HCFv5s,2026-05-17T05:22:46Z,[Run Sarura Run!] 에이미 - '양산을 두고 왔단 말이야' [KO],https://www.youtube.com/watch?v=fDl14HCFv5s,KR,62.7,yes,58,17.47,Run Sarura Run!,에이미,양산을 두고 왔단 말이야,summer_heat | rain_city | self_denial_rationalization | cute_comedy | dark_cool,ce18c24242f3
-bBOKmshfLk,2026-05-16T15:37:10Z,[Derville Pen is dead!] 월콧 - '짐승합격!' [KO],https://www.youtube.com/watch?v=-bBOKmshfLk,KR,65.6,yes,64,14.66,Derville Pen is dead!,월콧,짐승합격!,winter_christmas | self_denial_rationalization | cute_comedy | heroic_fantasy | tender_comfort,92d7efdb6e82
eDmqQ87K7a8,2026-05-16T11:46:37Z,[Derville Pen is dead!] 박봉남 - '아이스크림이 녹는 동안' [KO],https://www.youtube.com/watch?v=eDmqQ87K7a8,KR,60.0,yes,56,11.86,Derville Pen is dead!,박봉남,아이스크림이 녹는 동안,summer_heat | winter_christmas | rain_city | run_dance_motion | self_denial_rationalization,f019df092cf5
BKn-rZwQhKY,2026-05-14T15:27:15Z,[Run Sarura Run!] 샐리 - '대체 당..당신 정말?♥️' [KO],https://www.youtube.com/watch?v=BKn-rZwQhKY,KR,58.1,yes,59,12.73,Run Sarura Run!,샐리,대체 당..당신 정말?♥️,self_denial_rationalization | cute_comedy | heroic_fantasy | idol_pop_hook,b41846d0b5c5
wobg0UXDmNk,2026-05-13T18:08:45Z,"[Run Sarura Run!] 루크 - 'Morning, OK!' [KO]",https://www.youtube.com/watch?v=wobg0UXDmNk,KR,66.9,yes,52,11.13,Run Sarura Run!,루크,"Morning, OK!",winter_christmas | rain_city | self_denial_rationalization | tender_comfort,c23913b7166f
-G9S8hjUDYc,2026-05-12T16:59:59Z,"[Derville Pen is dead!] 젠슨 - '너는 지구, 나는 달' [KO]",https://www.youtube.com/watch?v=-G9S8hjUDYc,KR,70.0,yes,64,8.55,Derville Pen is dead!,젠슨,"너는 지구, 나는 달",winter_christmas | rain_city | self_denial_rationalization | tender_comfort | idol_pop_hook,bfe9285663e2
K9H8ttCL--s,2026-05-12T14:14:20Z,[Run Sarura Run!] 마리 - '칠석의 밤을 달려서' [KO],https://www.youtube.com/watch?v=K9H8ttCL--s,KR,62.5,yes,48,13.19,Run Sarura Run!,마리,칠석의 밤을 달려서,summer_heat | rain_city | run_dance_motion | self_denial_rationalization | heroic_fantasy,568ed09ef0e2
w-KpCFaWks0,2026-05-11T16:55:51Z,[Run Sarura Run!] 네르 - '분명히 열대야 탓' [KO],https://www.youtube.com/watch?v=w-KpCFaWks0,KR,65.6,yes,48,17.81,Run Sarura Run!,네르,분명히 열대야 탓,summer_heat | winter_christmas | rain_city | self_denial_rationalization | cute_comedy,9c2c6f180f37
WZB28kxzZ78,2026-05-10T18:47:42Z,[Derville Pen is dead!] Welling - 'Pour It Down' [EN],https://www.youtube.com/watch?v=WZB28kxzZ78,EN,65.1,yes,71,30.97,Derville Pen is dead!,Welling,Pour It Down,labor_work,00d1aa0dbe75
Da4P81qk104,2026-05-10T16:16:34Z,[Derville Pen is dead!] Mitchell - 'Oh.. you're here too?' [EN],https://www.youtube.com/watch?v=Da4P81qk104,EN,63.3,yes,36,23.25,Derville Pen is dead!,Mitchell,Oh.. you,labor_work,ded8cde32f73
jRAcC78QWvc,2026-05-10T12:01:21Z,[Derville Pen is dead!] 현암 - '남자의 연휴사용사유서' [KO],https://www.youtube.com/watch?v=jRAcC78QWvc,KR,61.5,yes,61,14.39,Derville Pen is dead!,현암,남자의 연휴사용사유서,summer_heat | winter_christmas | self_denial_rationalization | cute_comedy | heroic_fantasy,40c406b6eaf8
7GdpRwDR7Xw,2026-05-10T03:12:30Z,[Derville Pen is dead!] 젠슨 - '별 하나 없는 밤에' [KO],https://www.youtube.com/watch?v=7GdpRwDR7Xw,KR,68.2,yes,106,7.94,Derville Pen is dead!,젠슨,별 하나 없는 밤에,summer_heat | winter_christmas | rain_city | self_denial_rationalization | tender_comfort,a009a8c3626e
4wPL7t40ENM,2026-05-09T16:47:11Z,[Run Sarura Run!] 세리카 - '남색 커튼이 열리는 밤' [KO],https://www.youtube.com/watch?v=4wPL7t40ENM,KR,61.0,yes,30,16.7,Run Sarura Run!,세리카,남색 커튼이 열리는 밤,winter_christmas | rain_city | heroic_fantasy | tender_comfort | dark_cool,62702f81700c
GC_115FlUWE,2026-05-09T11:15:28Z,[ラン・サルラ・ラン] ライザ - 'あと一歩' [JP],https://www.youtube.com/watch?v=GC_115FlUWE,JA,64.9,yes,49,14.63,ラン・サルラ・ラン,ライザ,あと一歩,general_lyric_history,1f240473e661
2yvWIaPI2s4,2026-05-08T19:11:51Z,[Run Sarura Run!] 체니 - '나지나지' [KO],https://www.youtube.com/watch?v=2yvWIaPI2s4,KR,70.0,yes,74,9.73,Run Sarura Run!,체니,나지나지,summer_heat | winter_christmas | rain_city | self_denial_rationalization | cute_comedy,0b440b59b2c5
xI7l2ILVpTA,2026-05-08T13:37:34Z,[Run Sarura Run!] 에이미 - 'Look at me' [KO/EN],https://www.youtube.com/watch?v=xI7l2ILVpTA,EN,67.0,yes,69,15.88,Run Sarura Run! | KO/EN,에이미,Look at me,summer_heat | winter_christmas | rain_city | tender_comfort | dark_cool,af507dc2ce55
ks_DCOnAQ_Q,2026-05-07T17:33:07Z,[Run Sarura Run!] 크래더 - '여름이 또 왔지' [KO],https://www.youtube.com/watch?v=ks_DCOnAQ_Q,KR,69.6,yes,53,11.62,Run Sarura Run!,크래더,여름이 또 왔지,summer_heat | winter_christmas | rain_city | self_denial_rationalization | cute_comedy,fdd7e125fe29
ihWDXz4gMiM,2026-05-07T12:16:13Z,"[ラン・サルラ・ラン] マリー - 'Goodbye, 桜' [JP]",https://www.youtube.com/watch?v=ihWDXz4gMiM,JA,68.9,yes,57,12.07,ラン・サルラ・ラン,マリー,"Goodbye, 桜",run_dance_motion,5174d2798f95
i8y17Lwmwhs,2026-05-06T16:12:00Z,[デルビル P.I.D.] パク・ボンナム - '梅干しのせいだ' [JP],https://www.youtube.com/watch?v=i8y17Lwmwhs,JA,63.2,yes,36,26.5,デルビル P.I.D.,パク・ボンナム,梅干しのせいだ,general_lyric_history,4391380fe1ee
oU56Km2nDBQ,2026-05-05T18:55:44Z,[Derville Pen is dead!] Walcott - '3 Call Outs. 1 Answer.' [EN],https://www.youtube.com/watch?v=oU56Km2nDBQ,EN,44.0,yes,63,43.02,Derville Pen is dead!,Walcott,3 Call Outs. 1 Answer.,general_lyric_history,f9069e49bde6
EpHUj0ZSksI,2026-05-05T13:36:07Z,[Run Sarura Run!] Bellona - 'Still Moving' [EN],https://www.youtube.com/watch?v=EpHUj0ZSksI,EN,63.8,yes,65,28.23,Run Sarura Run!,Bellona,Still Moving,general_lyric_history,9001c4c2b547
F2xIoPb28gA,2026-05-05T07:30:47Z,[Derville Pen is dead!] Sis Tatoo - 'Shall..me? DANCE?!' [EN],https://www.youtube.com/watch?v=F2xIoPb28gA,EN,46.2,yes,39,31.03,Derville Pen is dead!,Sis Tatoo,Shall..me? DANCE?!,general_lyric_history,615b9bf78c06
3MuBFuFhe3A,2026-05-04T13:33:22Z,[Run Sarura Run!] 샐리 - '순장 로맨스' [KO],https://www.youtube.com/watch?v=3MuBFuFhe3A,KR,60.0,yes,21,22.95,Run Sarura Run!,샐리,순장 로맨스,summer_heat | winter_christmas | rain_city | run_dance_motion | self_denial_rationalization,27c6ca4f55c2
_175kG1PQ5E,2026-05-04T06:38:43Z,[Run Sarura Run!] Silva - 'sam is gone' [EN],https://www.youtube.com/watch?v=_175kG1PQ5E,EN,65.7,yes,34,22.65,Run Sarura Run!,Silva,sam is gone,general_lyric_history,c05a0123ac3d
6Lu3IxkROxc,2026-05-03T13:46:26Z,[Run Sarura Run!] Lainy - 'The -5th Year of' [EN/KO],https://www.youtube.com/watch?v=6Lu3IxkROxc,EN,66.7,yes,41,17.76,Run Sarura Run! | EN/KO,Lainy,The -5th Year of,summer_heat,55da1cf8ab59
a-WvUQ9n3eg,2026-05-03T08:11:02Z,[Derville Pen is dead!] 박봉남 - '첫 주말산행 일기' [KO],https://www.youtube.com/watch?v=a-WvUQ9n3eg,KR,62.8,yes,43,12.72,Derville Pen is dead!,박봉남,첫 주말산행 일기,rain_city | tender_comfort | idol_pop_hook,dead3cd69386
Pg6VDGltKd8,2026-05-02T11:58:36Z,[Derville Pen is dead!] 우나 - '삼계탕' [KO],https://www.youtube.com/watch?v=Pg6VDGltKd8,KR,60.0,yes,50,14.74,Derville Pen is dead!,우나,삼계탕,summer_heat | winter_christmas | rain_city | self_denial_rationalization | tender_comfort,2a5f9774bf14
9gKfErDyuyM,2026-05-02T05:16:52Z,"[Derville Pen is dead!] 월콧x타투 - '물냉이냐 비냉이냐, 그것이 문제로다' [KO]",https://www.youtube.com/watch?v=9gKfErDyuyM,KR,46.8,yes,34,34.26,Derville Pen is dead!,월콧 | 타투,"물냉이냐 비냉이냐, 그것이 문제로다",summer_heat | rain_city | self_denial_rationalization | cute_comedy | heroic_fantasy,72df0ba5abbd
CdrQ_mPbMzE,2026-05-01T16:02:26Z,[Run Sarura Run!] 카샤스 - '어차피 일이 있으니까' [KO],https://www.youtube.com/watch?v=CdrQ_mPbMzE,KR,67.8,yes,58,14,Run Sarura Run!,카샤스,어차피 일이 있으니까,summer_heat | rain_city | run_dance_motion | self_denial_rationalization | cute_comedy,788906135f49
ixykIyuzWWw,2026-05-01T08:22:51Z,[Run Sarura Run!] Rye0ng - 'Art is Art' [EN],https://www.youtube.com/watch?v=ixykIyuzWWw,EN,0,no_or_needs_manual_review,2,24,Run Sarura Run!,Rye0ng,Art is Art,general_lyric_history,27b7e483a8a0
ShxA2hs7pIk,2026-05-01T03:17:53Z,[Derville Pen is dead!] 올레그 - '이런 저녁이면 돼' [KO],https://www.youtube.com/watch?v=ShxA2hs7pIk,KR,70.0,yes,66,8.85,Derville Pen is dead!,올레그,이런 저녁이면 돼,summer_heat | self_denial_rationalization | tender_comfort | dark_cool,7a7678bbb824
0ZtODQk1_yU,2026-04-30T21:13:47Z,[Run Sarura Run!] 네르 - '한여름 밤의 악몽' [KO],https://www.youtube.com/watch?v=0ZtODQk1_yU,KR,60.0,yes,35,21.09,Run Sarura Run!,네르,한여름 밤의 악몽,summer_heat | winter_christmas | rain_city | run_dance_motion | self_denial_rationalization,52e295b591b3
E57b7zywiAA,2026-04-30T19:47:14Z,[Derville Pen is dead!] 마르티나x박봉남 - '여름 감기는 개도 안 걸린다던데!' [KO],https://www.youtube.com/watch?v=E57b7zywiAA,KR,63.8,yes,48,19.12,Derville Pen is dead!,마르티나 | 박봉남,여름 감기는 개도 안 걸린다던데!,summer_heat | rain_city | self_denial_rationalization | cute_comedy | tender_comfort,2fb55675e47a
9cLOQVpVI_g,2026-04-29T18:47:49Z,[Derville Pen is dead!] 시스 타투 - '동중정 (動中靜 : Stillness in Motion)' [KO],https://www.youtube.com/watch?v=9cLOQVpVI_g,KR,62.7,yes,22,19.45,Derville Pen is dead!,시스 타투,동중정 (動中靜 : Stillness in Motion),heroic_fantasy | dark_cool,db5a7260029c
sVGIseqIMak,2026-04-29T11:41:00Z,[Derville Pen is dead!] 타라한 - '에어컨' [KO],https://www.youtube.com/watch?v=sVGIseqIMak,KR,63.5,yes,19,19.42,Derville Pen is dead!,타라한,에어컨,summer_heat | winter_christmas | rain_city | heroic_fantasy | tender_comfort,12a28cb74318
eJt13RBKHkQ,2026-04-28T14:45:37Z,[Run Sarura Run!] '연애소설의 끝이 보쌈이면 안되는걸까?' [KO],https://www.youtube.com/watch?v=eJt13RBKHkQ,KR,60.0,yes,50,14.62,Run Sarura Run!,,연애소설의 끝이 보쌈이면 안되는걸까?,summer_heat | winter_christmas | rain_city | self_denial_rationalization | heroic_fantasy,d50f23c46348
FuGK6izbH-E,2026-04-27T16:37:39Z,[Run Sarura Run!] 라이니 - '나의 작은 여름날들' [KO],https://www.youtube.com/watch?v=FuGK6izbH-E,KR,60.0,yes,46,10.67,Run Sarura Run!,라이니,나의 작은 여름날들,summer_heat | winter_christmas | rain_city | run_dance_motion | self_denial_rationalization,4a2444720d05
BcIAk2E5Aig,2026-04-27T14:14:00Z,[Run Sarura Run!] 세리카x체니 - '백조자리 익스프레스' [KO],https://www.youtube.com/watch?v=BcIAk2E5Aig,KR,60.6,yes,53,11.23,Run Sarura Run!,세리카 | 체니,백조자리 익스프레스,summer_heat | winter_christmas | rain_city | run_dance_motion | self_denial_rationalization,262d46aa5e14
JjfjsGWVnbs,2026-04-26T14:35:55Z,[Run Sarura Run!] 레베카 - '다락방의 미뉴엣' [KO],https://www.youtube.com/watch?v=JjfjsGWVnbs,KR,64.0,yes,45,10.11,Run Sarura Run!,레베카,다락방의 미뉴엣,summer_heat | winter_christmas | rain_city | run_dance_motion | heroic_fantasy,36566bf54863
l4uw3avx5Eo,2026-04-26T12:04:29Z,"[""이것은 망했습니다"" 시리즈] : [Derville P.I.D.] 박봉남 - '슈뢰딩거의 모기'",https://www.youtube.com/watch?v=l4uw3avx5Eo,KR,58.5,yes,34,21.71,"""이것은 망했습니다"" 시리즈 | Derville P.I.D.",: 박봉남,슈뢰딩거의 모기,rain_city | run_dance_motion | self_denial_rationalization | cute_comedy | heroic_fantasy,20eadbcdfa5e
e261TMfbXgM,2026-04-25T19:16:08Z,[Derville Pen is dead!] 마르티나 - 'Ignite the Flare' [KO],https://www.youtube.com/watch?v=e261TMfbXgM,KR,65.1,yes,65,16.45,Derville Pen is dead!,마르티나,Ignite the Flare,winter_christmas | rain_city | run_dance_motion | cute_comedy | heroic_fantasy,65dec7138fd7
tmPdjc8ShmE,2026-04-25T11:48:07Z,[Derville P.I.D.] 돌이 - '어흥이 잘 안 되는데...' #데르빌 #DervillePID #분수대사건 #피그말리온효과 #성기사단해명해 #개발퀄주의 #출렁출렁,https://www.youtube.com/watch?v=tmPdjc8ShmE,KR,50.0,yes,21,21.05,Derville P.I.D.,돌이,어흥이 잘 안 되는데...,self_denial_rationalization | heroic_fantasy,5da690f92fbb
ZLDa6RiT35I,2026-04-25T11:03:32Z,[Run Sarura Run!] 마리 - 'Shout in Shimmer! ' [KO],https://www.youtube.com/watch?v=ZLDa6RiT35I,KR,63.8,yes,24,18.17,Run Sarura Run!,마리,Shout in Shimmer! ,summer_heat | rain_city | run_dance_motion | self_denial_rationalization | dark_cool,675e3b59744e
KOrwK62RI_Y,2026-04-23T17:32:48Z,"[Derville Pen is dead!] 유진 - '뭐, 그런거지' [KO]",https://www.youtube.com/watch?v=KOrwK62RI_Y,KR,61.8,yes,34,12.88,Derville Pen is dead!,유진,"뭐, 그런거지",summer_heat | winter_christmas | rain_city | self_denial_rationalization | cute_comedy,070411afda9a
OM22rQrFv8M,2026-04-23T15:39:02Z,[데르빌의 일상] '오늘의 기사' 유진x박봉남 [KO] #데르빌의일상 #유진 #박봉남 #DervillePID #Shorts,https://www.youtube.com/watch?v=OM22rQrFv8M,KR,7.5,no_or_needs_manual_review,2,26,데르빌의 일상,유진 | 박봉남 #데르빌의일상 #유진 #박봉남 #DervillePID #Shorts,오늘의 기사,heroic_fantasy,108b03d0f306
7ta0CVloZzQ,2026-04-22T14:34:08Z,"열세 살의 엄마 - 우나 (from ""Derville P.I.D."")",https://www.youtube.com/watch?v=7ta0CVloZzQ,KR,56.0,yes,20,16.4,,열세 살의 엄마,Derville P.I.D.,summer_heat | winter_christmas | rain_city | self_denial_rationalization | heroic_fantasy,2d80e182d46f
ZXiqkwy_C0k,2026-04-22T11:59:29Z,[Run Sarura Run!] 샐리 - '한여름 밤에 강변에서 불꽃놀이를 바라보며 한손에 맥주캔을 들고와 벤치 옆자리에 앉는 여자도 조심하세요(한여름 밤에 강변에서) ' [KO],https://www.youtube.com/watch?v=ZXiqkwy_C0k,KR,63.1,yes,40,22.77,Run Sarura Run!,샐리,한여름 밤에 강변에서 불꽃놀이를 바라보며 한손에 맥주캔을 들고와 벤치 옆자리에 앉는 여자도 조심하세요(한여름 밤에 강변에서) ,summer_heat | winter_christmas | rain_city | self_denial_rationalization | cute_comedy,07cda65a17d9
EbUexGSMhaE,2026-04-20T18:44:06Z,[Run Sarura Run!] 테피 - '초록색 계절 ' [KO],https://www.youtube.com/watch?v=EbUexGSMhaE,KR,60.0,yes,36,19.06,Run Sarura Run!,테피,초록색 계절 ,summer_heat | winter_christmas | rain_city | run_dance_motion | tender_comfort,996414044b8a
_c4RCwE4ISQ,2026-04-19T18:17:03Z,[Derville Pen is dead!] 월콧 - 'Dancing in the squall!' [KO],https://www.youtube.com/watch?v=_c4RCwE4ISQ,KR,61.0,yes,41,22.95,Derville Pen is dead!,월콧,Dancing in the squall!,summer_heat | winter_christmas | rain_city | run_dance_motion | tender_comfort,ee0a5739ab59
Sw0VzZgGhss,2026-04-19T12:23:35Z,[Run Sarura Run!] 체니 - '첫 믹스의 스파크!' [KO],https://www.youtube.com/watch?v=Sw0VzZgGhss,KR,65.8,yes,36,15.42,Run Sarura Run!,체니,첫 믹스의 스파크!,summer_heat | run_dance_motion | self_denial_rationalization | heroic_fantasy | tender_comfort,00f3919a622f
X4qFIbKbskQ,2026-04-19T02:52:28Z,[Run Sarura Run!] 네르 - '그래도 널 사랑해서 화가 나' [KO],https://www.youtube.com/watch?v=X4qFIbKbskQ,KR,60.0,yes,30,14.73,Run Sarura Run!,네르,그래도 널 사랑해서 화가 나,winter_christmas | rain_city | self_denial_rationalization | cute_comedy | dark_cool,a746b3c5765e
L4MxQD7izUk,2026-04-18T12:37:05Z,[Derville Pen is dead!] 미첼 - 'Midnight Infinity Pool' [KO],https://www.youtube.com/watch?v=L4MxQD7izUk,KR,60.2,yes,25,23.64,Derville Pen is dead!,미첼,Midnight Infinity Pool,summer_heat | winter_christmas | rain_city | heroic_fantasy | tender_comfort,97e161e615f0
F2x2-GWdTtg,2026-04-18T02:20:11Z,[Run Sarura Run!] 루크 - '오월의 비 (五月雨 / May Rain)' [KO],https://www.youtube.com/watch?v=F2x2-GWdTtg,KR,64.2,yes,36,18.81,Run Sarura Run!,루크,오월의 비 (五月雨 / May Rain),summer_heat | winter_christmas | rain_city | cute_comedy | tender_comfort,a0fc9386368a
QnRYPAfsB7A,2026-04-17T13:39:26Z,[노동요] 박봉남 - '박과장 춤바람 사건',https://www.youtube.com/watch?v=QnRYPAfsB7A,KR,62.5,yes,38,20.29,노동요,박봉남,박과장 춤바람 사건,rain_city | run_dance_motion | self_denial_rationalization | cute_comedy | heroic_fantasy,b5c2130afa88
dYYCI_OisVk,2026-04-16T19:33:34Z,[Run Sarura Run!] 에이미 - 'Velvet Fairytale',https://www.youtube.com/watch?v=dYYCI_OisVk,KR,60.0,yes,25,16.84,Run Sarura Run!,에이미,Velvet Fairytale,winter_christmas | rain_city | self_denial_rationalization | heroic_fantasy | tender_comfort,3b87dcffe9fb
DUNkhCunFEg,2026-04-16T12:29:21Z,"[Run Sarura Run!] 크래더 - 'Here, I'm running for'",https://www.youtube.com/watch?v=DUNkhCunFEg,KR,67.6,yes,51,18.06,Run Sarura Run!,크래더,"Here, I",summer_heat | winter_christmas | rain_city | run_dance_motion | self_denial_rationalization,88294f6998b2
vRS0BHynJpY,2026-04-15T12:11:33Z,[Run Sarura Run!] 샐리 - '콩찜팥찜♥️',https://www.youtube.com/watch?v=vRS0BHynJpY,KR,61.0,yes,30,16.77,Run Sarura Run!,샐리,콩찜팥찜♥️,winter_christmas | run_dance_motion | self_denial_rationalization | cute_comedy | tender_comfort,c27f02f90cd0
10efcf--MCE,2026-04-14T14:31:13Z,[Derville Pen is dead!] 마르티나 - '꽃보다 먼저 당신이',https://www.youtube.com/watch?v=10efcf--MCE,KR,66.7,yes,36,9.44,Derville Pen is dead!,마르티나,꽃보다 먼저 당신이,self_denial_rationalization | heroic_fantasy | tender_comfort,1a086f4a9112
JS7k6UETBdM,2026-04-14T14:28:14Z,[Derville Pen is dead!] 유진 - '당신이 꽃히잖아',https://www.youtube.com/watch?v=JS7k6UETBdM,KR,66.2,yes,34,10.21,Derville Pen is dead!,유진,당신이 꽃히잖아,winter_christmas | self_denial_rationalization,093e15a9dbb5
W4Y8rJUhAwo,2026-04-12T12:20:46Z,[Derville Pen is Dead!] Park Bongnam - 'Spring Revenue' [ENG],https://www.youtube.com/watch?v=W4Y8rJUhAwo,EN,43.2,yes,42,41.29,Derville Pen is Dead!,Park Bongnam,Spring Revenue,cute_comedy,680354eb968b
4dlE_afPUAQ,2026-04-11T16:41:12Z,Tell 'em to Play Jokgu! 🎴 Derville Foot Volleyball Special | Cinematic Breakbeat (Inst.),https://www.youtube.com/watch?v=4dlE_afPUAQ,EN,31.1,no_or_needs_manual_review,9,50.33,,Tell 'em to Play Jokgu! 🎴 Derville Foot Volleyball Special | Cinematic Breakbeat,,general_lyric_history,3a8fac874789
BlZ6EtLrwy8,2026-04-11T16:38:00Z,Cathedral Smash 🛡️ Derville Foot Volleyball Special | Cinematic Breakbeat (Inst.),https://www.youtube.com/watch?v=BlZ6EtLrwy8,EN,31.1,no_or_needs_manual_review,9,50.33,,Cathedral Smash 🛡️ Derville Foot Volleyball Special | Cinematic Breakbeat,,general_lyric_history,3a8fac874789
7SbywzVU08E,2026-04-11T16:36:22Z,Holy Court ⚽ Derville Foot Volleyball Special | Cinematic Breakbeat (Inst.),https://www.youtube.com/watch?v=7SbywzVU08E,EN,31.1,no_or_needs_manual_review,9,50.33,,Holy Court ⚽ Derville Foot Volleyball Special | Cinematic Breakbeat,,general_lyric_history,3a8fac874789
VbI4kN5mafs,2026-04-11T05:51:14Z,[생일축하노래] '참 고마운 사람' - Sis Tatoo #생일축하노래 #생일축하 #생일노래 #어쿠스틱 #생일선물 #생일BGM #생일축하해 #HBD #HappyBirthday,https://www.youtube.com/watch?v=VbI4kN5mafs,KR,60.0,yes,21,20.29,생일축하노래,,참 고마운 사람,winter_christmas | rain_city | run_dance_motion | heroic_fantasy | tender_comfort,8339e0d1fbe6
J8ggcT7yHAA,2026-04-10T15:24:36Z,"[""이것은 망했습니다"" 시리즈] : [Run Sarura Run!] 체니x세리카 - '인형아이'",https://www.youtube.com/watch?v=J8ggcT7yHAA,KR,60.0,yes,58,17.78,"""이것은 망했습니다"" 시리즈 | Run Sarura Run!",: 체니 | 세리카,인형아이,summer_heat | winter_christmas | rain_city | run_dance_motion | self_denial_rationalization,3fab3326fbf0
H425qsnu7Ko,2026-04-09T15:07:39Z,"반갑다, 핑! (유진 from ""Derville P.I.D."")",https://www.youtube.com/watch?v=H425qsnu7Ko,KR,59.5,yes,46,17.33,,반갑다 | 핑!,Derville P.I.D.,winter_christmas | self_denial_rationalization | cute_comedy | heroic_fantasy | tender_comfort,0024f30883c7
s1ZQZz6kM5o,2026-04-09T13:23:59Z,"Modern Romance (Sis Tatoo from ""Derville P.I.D."")",https://www.youtube.com/watch?v=s1ZQZz6kM5o,EN,48.6,yes,43,35.79,,Modern Romance,Derville P.I.D.,general_lyric_history,cf64506e439d
dTVatG4yD50,2026-04-08T01:26:11Z,[Run Sarura Run!] 실바 - '꽃잎이 세치우는 밤',https://www.youtube.com/watch?v=dTVatG4yD50,KR,61.2,yes,26,19.23,Run Sarura Run!,실바,꽃잎이 세치우는 밤,summer_heat | winter_christmas | heroic_fantasy | tender_comfort | dark_cool,d5e64915c08f
YTCeILmMZSc,2026-04-07T16:52:53Z,"[Run Sarura Run!] Sally - 'Honey, Pour Me Spring!' [ENG]",https://www.youtube.com/watch?v=YTCeILmMZSc,EN,48.4,yes,49,39.53,Run Sarura Run!,Sally,"Honey, Pour Me Spring!",general_lyric_history,e380dfd3d155
YVnY9rEMnXY,2026-04-05T17:59:56Z,[Derville Pen is dead!] 젠슨 - '어차피 청설모는 아침에 문을 연다',https://www.youtube.com/watch?v=YVnY9rEMnXY,KR,69.8,yes,55,16.6,Derville Pen is dead!,젠슨,어차피 청설모는 아침에 문을 연다,winter_christmas | rain_city | run_dance_motion | self_denial_rationalization | cute_comedy,6dae6645da5f
b_ZeE3eDXI8,2026-04-05T13:21:58Z,[Derville Pen is dead!] 현암x박봉남 - '발골대전 (拔骨大戰)',https://www.youtube.com/watch?v=b_ZeE3eDXI8,KR,63.5,yes,68,19.06,Derville Pen is dead!,현암 | 박봉남,발골대전 (拔骨大戰),rain_city | self_denial_rationalization | heroic_fantasy | tender_comfort,644aee106b94
aMf2zbJkdjI,2026-04-04T21:01:23Z,"[MV] 마리의 금성침공! (""Run Sarura Run!"" OST)",https://www.youtube.com/watch?v=aMf2zbJkdjI,KR,51.7,yes,23,24.48,MV,마리의 금성침공!,Run Sarura Run!,rain_city | run_dance_motion | heroic_fantasy | tender_comfort,2e4bf9b43e88
PAJFND9VPVo,2026-04-04T14:58:42Z,[Run Sarura Run!] 라이니 - 'Siren's Lullaby',https://www.youtube.com/watch?v=PAJFND9VPVo,KR,61.1,yes,53,13.81,Run Sarura Run!,라이니,Siren,summer_heat | winter_christmas | rain_city | self_denial_rationalization | cute_comedy,7e47644245a7
RRDPZhG-bK0,2026-04-02T22:37:57Z,"[Run Sarura Run!] 네르 - '주여, 어디로 가야합니까 (Quo Vadis)'",https://www.youtube.com/watch?v=RRDPZhG-bK0,KR,64.8,yes,56,12.3,Run Sarura Run!,네르,"주여, 어디로 가야합니까 (Quo Vadis)",summer_heat | winter_christmas | rain_city | run_dance_motion | self_denial_rationalization,99ad845e7880
J4tLbXpyTfk,2026-04-02T21:11:06Z,[Run Sarura Run!] 테피 - '노을빛 골목',https://www.youtube.com/watch?v=J4tLbXpyTfk,KR,61.1,yes,27,17.81,Run Sarura Run!,테피,노을빛 골목,rain_city | heroic_fantasy | tender_comfort | dark_cool | idol_pop_hook,fd1d822890fa
YJUEZe_Q7Hw,2026-04-02T21:03:08Z,[Derville Pen is dead!] 박봉남 - '내 가슴의 소음장치',https://www.youtube.com/watch?v=YJUEZe_Q7Hw,KR,65.2,yes,52,14.17,Derville Pen is dead!,박봉남,내 가슴의 소음장치,self_denial_rationalization | cute_comedy | heroic_fantasy | tender_comfort | dark_cool,775e59329281
6xC-x1sjsVM,2026-04-02T20:58:40Z,[Run Sarura Run!] 루크 - '새벽 세탁소',https://www.youtube.com/watch?v=6xC-x1sjsVM,KR,63.0,yes,40,12.9,Run Sarura Run!,루크,새벽 세탁소,rain_city | self_denial_rationalization | cute_comedy | tender_comfort | dark_cool,9c913a2bbe24
laeZNYTNhBU,2026-03-30T18:36:10Z,"One, Two, Six! (Amy from ""Run Sarura Run"")",https://www.youtube.com/watch?v=laeZNYTNhBU,EN,51.8,yes,61,36.69,,One | Two | Si | !,Run Sarura Run,general_lyric_history,b079426ead29
9X9NHnOBldc,2026-03-29T15:00:28Z,"[""Run Sarura Run!""] Luke's ""s-s-snooze"" 15s Preview 💤 #RunSaruraRun #Luke #CharacterSong #Preview",https://www.youtube.com/watch?v=9X9NHnOBldc,EN,37.8,yes,13,43.77,"""Run Sarura Run!""","Luke s-s-snooze"" 15s Preview 💤 #RunSaruraRun #Luke #CharacterSong #Preview",s ,general_lyric_history,777eec6a2927
SKVphJpqIr4,2026-03-29T14:53:22Z,"s-s-snooze (Luke from ""Run Sarura Run"")",https://www.youtube.com/watch?v=SKVphJpqIr4,EN,70.0,yes,86,20.34,,s-s-snooze,Run Sarura Run,general_lyric_history,266ec4757947
jKgZgW3Iv2I,2026-03-28T08:01:29Z,"[""이것은 망했습니다"" 시리즈] : [Derville Pen is dead!] 올레그 - '쮸.총.회 (Alcohol, Gun and Sushi)'",https://www.youtube.com/watch?v=jKgZgW3Iv2I,KR,62.7,yes,67,11.97,"""이것은 망했습니다"" 시리즈 | Derville Pen is dead!",: 올레그,"쮸.총.회 (Alcohol, Gun and Sushi)",rain_city | self_denial_rationalization | cute_comedy | heroic_fantasy | tender_comfort,cf9bd3a51d0e
PPahzOrHf5k,2026-03-27T17:41:00Z,¡Reina Brasa! (Martina de Derville P.I.D.),https://www.youtube.com/watch?v=PPahzOrHf5k,EN,70.0,yes,84,16.55,,¡Reina Brasa!,,general_lyric_history,d504ad0c76e7
C-SFImCizrI,2026-03-27T16:51:04Z,"[""Run Sarura Run!""] 마리의 ""금성침공!"" 15초🌸#RunSaruraRun #마리 #Team Lemot #레못맛소녀곰 #캐릭터송 #사루라 #미리듣기",https://www.youtube.com/watch?v=C-SFImCizrI,KR,35.5,yes,13,26.62,"""Run Sarura Run!""",마리의 15초🌸#RunSaruraRun #마리 #Team Lemot #레못맛소녀곰 #캐릭터송 #사루라 #미리듣기,금성침공!,rain_city | heroic_fantasy | tender_comfort,33f41f28cb74
iEXmhcbm6xY,2026-03-27T16:47:30Z,"[""Run Sarura Run!""] 마리의 ""시간의 온도"" 15초🌸#RunSaruraRun #마리 #Team Lemot #레못맛소녀곰 #캐릭터송 #봄노래 #미리듣기",https://www.youtube.com/watch?v=iEXmhcbm6xY,KR,35.5,yes,13,29.31,"""Run Sarura Run!""",마리의 15초🌸#RunSaruraRun #마리 #Team Lemot #레못맛소녀곰 #캐릭터송 #봄노래 #미리듣기,시간의 온도,rain_city | tender_comfort,f3d28fc5e2d4
FfbIuyxE2Ds,2026-03-24T11:19:51Z,[Run Sarura Run!] 마리 - '금성침공!',https://www.youtube.com/watch?v=FfbIuyxE2Ds,KR,60.7,yes,59,13.8,Run Sarura Run!,마리,금성침공!,winter_christmas | run_dance_motion | self_denial_rationalization | cute_comedy | heroic_fantasy,c0427056c275
9AIZHsJk1WI,2026-03-22T18:06:12Z,[April's Fool Day] 마리 - '그런 날이니까',https://www.youtube.com/watch?v=9AIZHsJk1WI,KR,59.5,yes,54,14.33,April's Fool Day,마리,s Fool Day] 마리 - ,summer_heat | winter_christmas | rain_city | self_denial_rationalization | cute_comedy,96099d5c5098
n6nqgbTs39Y,2026-03-20T18:36:36Z,[노동요] 샐리 - '낮 열두시 신데렐라',https://www.youtube.com/watch?v=n6nqgbTs39Y,KR,67.9,yes,46,17.83,노동요,샐리,낮 열두시 신데렐라,summer_heat | self_denial_rationalization | cute_comedy | heroic_fantasy | idol_pop_hook,415a81b1f22c
ZOhJAj5n8bE,2026-03-20T14:44:34Z,[Run Sarura Run!] 유진 - '그런 하루',https://www.youtube.com/watch?v=ZOhJAj5n8bE,KR,60.0,yes,56,10.11,Run Sarura Run!,유진,그런 하루,rain_city | self_denial_rationalization | tender_comfort | dark_cool | labor_work,cd9d962ebf58
ZA4Il4wuiPI,2026-03-18T15:55:20Z,[Derville Pen is dead!] 우나 - '김치통을 끌어안고 운 날',https://www.youtube.com/watch?v=ZA4Il4wuiPI,KR,60.0,yes,44,9.7,Derville Pen is dead!,우나,김치통을 끌어안고 운 날,summer_heat | winter_christmas | self_denial_rationalization | tender_comfort | dark_cool,5c9522d6c037
eLq1BXg2Rg8,2026-03-17T16:56:37Z,[Run Sarura Run!] 벨로나x샐리 - '취중 봄거리 궐기대회',https://www.youtube.com/watch?v=eLq1BXg2Rg8,KR,68.3,yes,58,16.6,Run Sarura Run!,벨로나 | 샐리,취중 봄거리 궐기대회,summer_heat | winter_christmas | rain_city | run_dance_motion | tender_comfort,a5c0415175ce
kT4esyutQHI,2026-03-16T16:15:03Z,[Run Sarura Run!] 마리 - '시간의 온도 (時間の溫度)',https://www.youtube.com/watch?v=kT4esyutQHI,KR,68.8,yes,51,14.55,Run Sarura Run!,마리,시간의 온도 (時間の溫度),summer_heat | winter_christmas | rain_city | run_dance_motion | tender_comfort,464c5f6153d6
rRRgqZwXQOI,2026-03-15T16:25:47Z,[Derville Pen is dead!] 시스 타투 - '청월낙화(靑月落花)',https://www.youtube.com/watch?v=rRRgqZwXQOI,KR,64.6,yes,52,10.69,Derville Pen is dead!,시스 타투,청월낙화(靑月落花),summer_heat | winter_christmas | rain_city | run_dance_motion | self_denial_rationalization,bf9a538b513e
wjp_lSQzXQc,2026-03-15T07:00:01Z,[Derville Pen is dead!] 박봉남 - '오늘은 괜찮을 것만 같아!',https://www.youtube.com/watch?v=wjp_lSQzXQc,KR,60.6,yes,48,13.52,Derville Pen is dead!,박봉남,오늘은 괜찮을 것만 같아!,summer_heat | winter_christmas | rain_city | run_dance_motion | self_denial_rationalization,57d60709ccce
16Zy8JnyGlo,2026-03-14T15:07:27Z,[Derville Pen is dead!] 월콧x현암 - 'Time 2 Shot!',https://www.youtube.com/watch?v=16Zy8JnyGlo,KR,63.5,yes,51,11.2,Derville Pen is dead!,월콧 | 현암,Time 2 Shot!,winter_christmas | rain_city | run_dance_motion | self_denial_rationalization | cute_comedy,bf2c2ec09f91
kZ4JlfP31nE,2026-03-12T16:30:13Z,[화이트데이특집] 파이가 파이에게 (π & Pie),https://www.youtube.com/watch?v=kZ4JlfP31nE,KR,60.0,yes,51,15.41,화이트데이특집,파이가 파이에게,,summer_heat | winter_christmas | rain_city | heroic_fantasy | tender_comfort,5f292842baae
CPw1zyhNyoA,2026-03-09T14:11:48Z,[Derville Pen is dead!] 미첼 - 'Choke Chokeslam (촉촉슬램)',https://www.youtube.com/watch?v=CPw1zyhNyoA,KR,68.1,yes,48,12.98,Derville Pen is dead!,미첼,Choke Chokeslam (촉촉슬램),summer_heat | winter_christmas | rain_city | self_denial_rationalization | cute_comedy,e0a48bdbd441
ZNtYuzn4SN0,2026-03-08T18:06:38Z,[Run Sarura Run!] Chenny - 'Orange Menace' [ENG],https://www.youtube.com/watch?v=ZNtYuzn4SN0,EN,55.0,yes,40,32.1,Run Sarura Run!,Chenny,Orange Menace,general_lyric_history,9da6934a4e0d
65nmFVxrBrQ,2026-03-08T11:00:43Z,[Run Sarura Run!] Marie - 'Spring Revolution Parade' [ENG],https://www.youtube.com/watch?v=65nmFVxrBrQ,EN,52.6,yes,53,35.66,Run Sarura Run!,Marie,Spring Revolution Parade,general_lyric_history,256e5700068b
PYnP48lP8mo,2026-03-07T16:26:04Z,[Derville Pen is dead!] 김갑수 - 'Half Dead Man Walking',https://www.youtube.com/watch?v=PYnP48lP8mo,KR,66.9,yes,52,16.92,Derville Pen is dead!,김갑수,Half Dead Man Walking,summer_heat | rain_city | run_dance_motion | self_denial_rationalization | cute_comedy,cdcc3301a1c4
jBCMqV4fKRE,2026-03-07T08:54:48Z,"Holiday Limbo (Tarahan from ""Derville P.I.D."")",https://www.youtube.com/watch?v=jBCMqV4fKRE,EN,64.9,yes,35,30.31,,Holiday Limbo,Derville P.I.D.,general_lyric_history,255a9f33d2ee
reQhm_WaYV4,2026-03-05T17:51:16Z,[화이트데이특집] Fight Day,https://www.youtube.com/watch?v=reQhm_WaYV4,KR,61.9,yes,49,18.45,화이트데이특집,Fight Day,,winter_christmas | self_denial_rationalization | cute_comedy | heroic_fantasy | tender_comfort,1fff21f64eb8
8F5u1d9_rPs,2026-03-04T19:26:27Z,[Run Sarura Run!] 에이미x벨로나x라이자 - 'Winter Rush',https://www.youtube.com/watch?v=8F5u1d9_rPs,KR,66.2,yes,58,12.29,Run Sarura Run!,에이미 | 벨로나 | 라이자,Winter Rush,summer_heat | winter_christmas | run_dance_motion | self_denial_rationalization | cute_comedy,a8e438672f44
xB2mSV90ASc,2026-03-04T16:40:02Z,[Run Sarura Run!] 라이니 - 'Spring Night Film',https://www.youtube.com/watch?v=xB2mSV90ASc,KR,65.0,yes,36,10.97,Run Sarura Run!,라이니,Spring Night Film,rain_city | tender_comfort | dark_cool | idol_pop_hook,dd493e63a908
CAdWug9gvQI,2026-03-03T13:18:53Z,[Run Sarura Run!] 실바 - '핏빛 달',https://www.youtube.com/watch?v=CAdWug9gvQI,KR,60.0,yes,37,12.03,Run Sarura Run!,실바,핏빛 달,rain_city | cute_comedy | heroic_fantasy | dark_cool | idol_pop_hook,d819d47e92d0
U1NO-2LXexY,2026-03-02T09:29:59Z,"[Run Sarura Run!] 샐리 - '오란다, 너란다'",https://www.youtube.com/watch?v=U1NO-2LXexY,KR,60.0,yes,48,18.35,Run Sarura Run!,샐리,"오란다, 너란다",winter_christmas | rain_city | self_denial_rationalization | cute_comedy | tender_comfort,8b382660bbf5
r0uAlW3KivM,2026-03-01T14:49:12Z,[Run Sarura Run!] 카샤스 - 'Deal with me!',https://www.youtube.com/watch?v=r0uAlW3KivM,KR,60.8,yes,40,22.88,Run Sarura Run!,카샤스,Deal with me!,winter_christmas | rain_city | run_dance_motion | self_denial_rationalization | cute_comedy,03c1a646eaab
oqDBaUOg1K8,2026-02-28T16:22:08Z,[Derville Pen is dead!] 젠슨x월콧x현암 - 'Second Wind!',https://www.youtube.com/watch?v=oqDBaUOg1K8,KR,63.7,yes,41,18.59,Derville Pen is dead!,젠슨 | 월콧 | 현암,Second Wind!,summer_heat | rain_city | run_dance_motion | dark_cool | idol_pop_hook,5f8ca75fa943
1PDeB-q_odw,2026-02-28T10:48:47Z,"🌸 ""봄바람 배달부"" MV 데모버전 - 레베카",https://www.youtube.com/watch?v=1PDeB-q_odw,KR,37.1,yes,15,30.47,,🌸 MV 데모버전,봄바람 배달부,rain_city | self_denial_rationalization | heroic_fantasy | tender_comfort,df7867219bc2
trEEtIjAvHY,2026-02-28T10:30:45Z,"[""Run Sarura Run!""] 레베카의 ""봄바람 배달부"" 12초 미리듣기🌸#RunSaruraRun #레베카 #Team Lemot #레못맛소녀곰 #캐릭터송 #봄노래 #미리듣기",https://www.youtube.com/watch?v=trEEtIjAvHY,KR,30.0,no_or_needs_manual_review,10,31.5,"""Run Sarura Run!""",레베카의 12초 미리듣기🌸#RunSaruraRun #레베카 #Team Lemot #레못맛소녀곰 #캐릭터송 #봄노래 #미리듣기,봄바람 배달부,rain_city | tender_comfort,c6b7d423c9d4
Q2cPFdE8CzI,2026-02-26T17:10:15Z,[Run Sarura Run!] 루크 - '그런 날들이',https://www.youtube.com/watch?v=Q2cPFdE8CzI,KR,60.0,yes,29,15.76,Run Sarura Run!,루크,그런 날들이,rain_city | self_denial_rationalization | tender_comfort | dark_cool | labor_work,aa9a4f25eeaa
4Ywda0O2_sU,2026-02-25T18:27:44Z,"[""이것은 망했습니다"" 시리즈] : [Team Lemot] '너의 봄은 나에겐 늦가을이였다'",https://www.youtube.com/watch?v=4Ywda0O2_sU,KR,60.6,yes,54,17.06,"""이것은 망했습니다"" 시리즈 | Team Lemot",:,너의 봄은 나에겐 늦가을이였다,winter_christmas | rain_city | run_dance_motion | self_denial_rationalization | cute_comedy,cd40f32d506c
zca_qofU4Z0,2026-02-24T17:02:01Z,[Run Sarura Run!] 레베카 - '봄바람 배달부',https://www.youtube.com/watch?v=zca_qofU4Z0,KR,60.0,yes,45,12.98,Run Sarura Run!,레베카,봄바람 배달부,winter_christmas | rain_city | run_dance_motion | self_denial_rationalization | tender_comfort,310018c83898
KtStLqscs4Y,2026-02-24T14:42:52Z,"[""Run Sarura Run!""] 마리의 ""눈꽃에서 벚꽃으로"" 인스트 15초🌸#RunSaruraRun #마리 #Team Lemot #레못맛소녀곰 #캐릭터송 #봄노래 #미리듣기",https://www.youtube.com/watch?v=KtStLqscs4Y,KR,35.4,yes,14,29.5,"""Run Sarura Run!""",마리의 인스트 15초🌸#RunSaruraRun #마리 #Team Lemot #레못맛소녀곰 #캐릭터송 #봄노래 #미리듣기,눈꽃에서 벚꽃으로,winter_christmas | rain_city | tender_comfort,6aaf52ea5d6e
k0g5VcA_FnQ,2026-02-23T18:57:00Z,[Run Sarura Run!] 네르 - '배덕의 미',https://www.youtube.com/watch?v=k0g5VcA_FnQ,KR,60.0,yes,53,15.09,Run Sarura Run!,네르,배덕의 미,winter_christmas | rain_city | run_dance_motion | self_denial_rationalization | tender_comfort,5549d825d163
eUR1uYH4s38,2026-02-22T08:20:02Z,[Derville Pen is dead!] 박봉남 - 'Green Graffiti',https://www.youtube.com/watch?v=eUR1uYH4s38,KR,63.8,yes,64,13.66,Derville Pen is dead!,박봉남,Green Graffiti,rain_city | self_denial_rationalization | cute_comedy | tender_comfort | dark_cool,2bee0f5a6e39
zzvBe4IVoRM,2026-02-21T11:47:25Z,[Derville Pen is dead!] 월콧 - 'Swipe!',https://www.youtube.com/watch?v=zzvBe4IVoRM,KR,66.5,yes,88,13.91,Derville Pen is dead!,월콧,Swipe!,summer_heat | winter_christmas | rain_city | run_dance_motion | self_denial_rationalization,ea3391090820
DxuMq_pfFI8,2026-02-19T18:57:02Z,[Run Sarura Run!] 테피 - '해적과 함께 춤을',https://www.youtube.com/watch?v=DxuMq_pfFI8,KR,61.9,yes,96,7.6,Run Sarura Run!,테피,해적과 함께 춤을,summer_heat | winter_christmas | rain_city | run_dance_motion | self_denial_rationalization,a32eee448da0
McZ5eBU_n90,2026-02-16T06:31:55Z,[Run Sarura Run!] 샐리 - '봄날 밤에 놀이터에서 머리에 꽃 달고 혼자 그네를 타며 맥주를 마시는 여자를 조심하세요 (봄날 밤에 놀이터에서)',https://www.youtube.com/watch?v=McZ5eBU_n90,KR,67.2,yes,87,9.44,Run Sarura Run!,샐리,봄날 밤에 놀이터에서 머리에 꽃 달고 혼자 그네를 타며 맥주를 마시는 여자를 조심하세요 (봄날 밤에 놀이터에서),winter_christmas | run_dance_motion | self_denial_rationalization | cute_comedy | dark_cool,4471368e37b9
QVxJnJDJBzE,2026-02-14T17:59:25Z,[Derville Pen is dead!] Mitchell - 'Oh... hi?' [ENG],https://www.youtube.com/watch?v=QVxJnJDJBzE,EN,7.5,no_or_needs_manual_review,2,10.5,Derville Pen is dead!,Mitchell,Oh... hi?,general_lyric_history,6aa591431101
0cvogRw6OpI,2026-02-14T13:57:03Z,[Derville Pen is dead!] 박봉남 - '나의 밤은 너의 봄보다 화려하다 (Balm & Bomb)',https://www.youtube.com/watch?v=0cvogRw6OpI,KR,63.1,yes,49,11.2,Derville Pen is dead!,박봉남,나의 밤은 너의 봄보다 화려하다 (Balm & Bomb),run_dance_motion | self_denial_rationalization | cute_comedy | heroic_fantasy | tender_comfort,b4cba9861d90
4jUepFgMYHI,2026-02-13T17:09:48Z,[Run Sarura Run!] 벨로나 - '봄날의 곰을 좋아해?',https://www.youtube.com/watch?v=4jUepFgMYHI,KR,67.2,yes,88,9.12,Run Sarura Run!,벨로나,봄날의 곰을 좋아해?,summer_heat | winter_christmas | rain_city | run_dance_motion | self_denial_rationalization,4048594c884b
1gWTqST_7Yk,2026-02-12T17:06:40Z,[Run Sarura Run!] 에이미 - '물들어 버려',https://www.youtube.com/watch?v=1gWTqST_7Yk,KR,70.0,yes,67,5.48,Run Sarura Run!,에이미,물들어 버려,winter_christmas | self_denial_rationalization | idol_pop_hook,17de9c07eaa3
jQyByoQZLlc,2026-02-11T15:29:07Z,[Derville Pen is dead!] Sis Tatoo - '너를 위해서라면',https://www.youtube.com/watch?v=jQyByoQZLlc,KR,67.0,yes,47,12.26,Derville Pen is dead!,Sis Tatoo,너를 위해서라면,self_denial_rationalization | cute_comedy | heroic_fantasy | tender_comfort,0b84a7e73639
gx2Qalgz7uk,2026-02-10T12:58:49Z,[Derville Pen is dead!] 마르티나 - '한 잔의 오후',https://www.youtube.com/watch?v=gx2Qalgz7uk,KR,64.5,yes,33,12.24,Derville Pen is dead!,마르티나,한 잔의 오후,summer_heat | winter_christmas | run_dance_motion | self_denial_rationalization | heroic_fantasy,ee112baf211d
NxOM8uT0hCk,2026-02-09T16:17:17Z,[Derville Pen is dead!] 현암 - '나침반 든 손끝만 보지 마',https://www.youtube.com/watch?v=NxOM8uT0hCk,KR,66.6,yes,64,12.31,Derville Pen is dead!,현암,나침반 든 손끝만 보지 마,winter_christmas | self_denial_rationalization | tender_comfort,f161280be181
hztgM1EnB5A,2026-02-08T13:19:37Z,[Run Sarura Run!] 라이니x샐리 - '낙화유희(落花遊戯)',https://www.youtube.com/watch?v=hztgM1EnB5A,KR,64.5,yes,47,16.06,Run Sarura Run!,라이니 | 샐리,낙화유희(落花遊戯),winter_christmas | rain_city | run_dance_motion | self_denial_rationalization | cute_comedy,3fdff8345b30
bpqzybnIdFs,2026-02-08T03:26:33Z,"봄날을 기다리며 (마리x박봉남 from ""Team Lemot"")",https://www.youtube.com/watch?v=bpqzybnIdFs,KR,64.9,yes,49,16.88,,봄날을 기다리며,Team Lemot,summer_heat | winter_christmas | run_dance_motion | self_denial_rationalization | tender_comfort,64f3949a823e
kR4-UBu_vkA,2026-02-07T06:57:49Z,[화이트데이특집] 동네슈퍼 아가씨 (R.K.O.(Romantic Kandy Offering)),https://www.youtube.com/watch?v=kR4-UBu_vkA,KR,49.5,yes,54,22.74,화이트데이특집,동네슈퍼 아가씨 ),,summer_heat | winter_christmas | rain_city | run_dance_motion | self_denial_rationalization,48ebea346eb4
qsM8iIFOZGE,2026-02-06T14:45:26Z,[발렌타인데이특집] 달아서 쓰고 써서 단,https://www.youtube.com/watch?v=qsM8iIFOZGE,KR,61.0,yes,64,17.62,발렌타인데이특집,달아서 쓰고 써서 단,,summer_heat | winter_christmas | rain_city | self_denial_rationalization | cute_comedy,002be549d91f
luvOGgIUvuI,2026-02-06T14:08:20Z,[발렌타인데이특집] 초코! 초! 카!,https://www.youtube.com/watch?v=luvOGgIUvuI,KR,60.1,yes,39,20.59,발렌타인데이특집,초코! 초! 카!,,winter_christmas | rain_city | self_denial_rationalization | heroic_fantasy | tender_comfort,73adf3b0a737
4bntz5IJJvs,2026-02-02T18:08:00Z,[Run Sarura Run!] 마리 - '눈꽃에서 벚꽃으로',https://www.youtube.com/watch?v=4bntz5IJJvs,KR,60.0,yes,50,15.68,Run Sarura Run!,마리,눈꽃에서 벚꽃으로,summer_heat | winter_christmas | rain_city | run_dance_motion | self_denial_rationalization,c1ed94b92a20
KEGJwq1V3cc,2026-02-01T16:22:30Z,[Derville Pen is dead!] 타라한 - '새벽의 첫인사',https://www.youtube.com/watch?v=KEGJwq1V3cc,KR,61.5,yes,59,12.75,Derville Pen is dead!,타라한,새벽의 첫인사,winter_christmas | rain_city | self_denial_rationalization | heroic_fantasy | tender_comfort,f269a0c6d220
K3j6HHN8zeQ,2026-02-01T15:13:22Z,[Derville Pen is dead!] 마르티나 - 'Primavera del Mar',https://www.youtube.com/watch?v=K3j6HHN8zeQ,KR,67.2,yes,58,15.83,Derville Pen is dead!,마르티나,Primavera del Mar,summer_heat | winter_christmas | run_dance_motion | self_denial_rationalization | tender_comfort,0ed7e7429663
WJXneFvVSIg,2026-02-01T11:48:49Z,[Derville Pen is dead!] 젠슨 - 'Spring night walking',https://www.youtube.com/watch?v=WJXneFvVSIg,KR,60.0,yes,54,18.09,Derville Pen is dead!,젠슨,Spring night walking,winter_christmas | rain_city | run_dance_motion | self_denial_rationalization | tender_comfort,c311255f0c9d
qNadYGW4tEI,2026-02-01T05:45:58Z,[Derville Pen is dead!] 올레그 - '벚꽃참수',https://www.youtube.com/watch?v=qNadYGW4tEI,KR,60.0,yes,57,16.02,Derville Pen is dead!,올레그,벚꽃참수,summer_heat | winter_christmas | rain_city | self_denial_rationalization | heroic_fantasy,f31c6976b459
G-fJgnBDQBM,2026-02-01T03:57:22Z,[Derville Pen is dead!] 유진x타투 - '춘곤증배 칼퇴근 드리프트 챔피언십',https://www.youtube.com/watch?v=G-fJgnBDQBM,KR,62.3,yes,53,12.83,Derville Pen is dead!,유진 | 타투,춘곤증배 칼퇴근 드리프트 챔피언십,summer_heat | winter_christmas | rain_city | run_dance_motion | labor_work,e05f8492973f
bw8FPTtQJYA,2026-01-30T17:27:34Z,[Derville Pen is dead!] 현암x우나 - '비빔밥 랩소디(bibimbap rhapsody)',https://www.youtube.com/watch?v=bw8FPTtQJYA,EN,60.1,yes,45,24.96,Derville Pen is dead!,현암 | 우나,비빔밥 랩소디(bibimbap rhapsody),rain_city | run_dance_motion | self_denial_rationalization | cute_comedy | heroic_fantasy,e89f777bf8c4
3q38i56cOSE,2026-01-30T12:01:42Z,[Derville Pen is dead!] 미첼 - '꽃가루 때문이야',https://www.youtube.com/watch?v=3q38i56cOSE,KR,65.0,yes,60,14.78,Derville Pen is dead!,미첼,꽃가루 때문이야,summer_heat | winter_christmas | rain_city | self_denial_rationalization | tender_comfort,9e0c029300cf
KYdEPIm_ZzA,2026-01-29T16:33:30Z,[Derville Pen is dead!] 월콧x박봉남 - '감기 킥-아웃!',https://www.youtube.com/watch?v=KYdEPIm_ZzA,KR,60.8,yes,72,14.22,Derville Pen is dead!,월콧 | 박봉남,감기 킥-아웃!,winter_christmas | rain_city | run_dance_motion | self_denial_rationalization | cute_comedy,20dd9b3c8f5d
UrYqzE0v0y0,2026-01-28T17:35:49Z,"TOMA LA NOCHE (Martina from ""Derville P.I.D."")",https://www.youtube.com/watch?v=UrYqzE0v0y0,EN,59.8,yes,90,22.62,,TOMA LA NOCHE,Derville P.I.D.,general_lyric_history,3a5868b92036
EyZsTPyJt6A,2026-01-26T16:36:25Z,"The Calling (Welling from ""Derville P.I.D."")",https://www.youtube.com/watch?v=EyZsTPyJt6A,EN,51.0,yes,62,34.31,,The Calling,Derville P.I.D.,general_lyric_history,698588136ff4
NpXlwgQBqdU,2026-01-26T11:58:48Z,"Luminous Dust (Sis. Una from ""Derville P.I.D."")",https://www.youtube.com/watch?v=NpXlwgQBqdU,EN,51.0,yes,30,34.9,,Luminous Dust,Derville P.I.D.,general_lyric_history,48bb327d5bb1
xV77thnzV7k,2026-01-26T11:55:57Z,"Your Home (Tarahan from ""Derville P.I.D."")",https://www.youtube.com/watch?v=xV77thnzV7k,EN,50.8,yes,39,39.74,,Your Home,Derville P.I.D.,general_lyric_history,4b1ebca0f9c9
Wm1BF4g6o5s,2026-01-25T16:21:40Z,"CoinCookie (Sis Tatoo from ""Derville P.I.D."")",https://www.youtube.com/watch?v=Wm1BF4g6o5s,EN,59.6,yes,48,28.27,,CoinCookie,Derville P.I.D.,general_lyric_history,79871066ea52
etaq78LuVL4,2026-01-25T11:55:45Z,"I Can't Quit (Oleg from ""Derville P.I.D."")",https://www.youtube.com/watch?v=etaq78LuVL4,EN,47.0,yes,48,36.04,,I Can't Quit,t Quit (Oleg from ,labor_work,dd444ede3842
bnOhc9HVy-Y,2026-01-25T06:36:18Z,"Perfect Mismatch (Jehnson from ""Derville P.I.D."")",https://www.youtube.com/watch?v=bnOhc9HVy-Y,EN,54.1,yes,64,34.34,,Perfect Mismatch,Derville P.I.D.,general_lyric_history,8602579e7ee6
lAM3QiLeA-w,2026-01-24T15:08:46Z,"Holy Heist (Walcott from ""Derville P.I.D."")",https://www.youtube.com/watch?v=lAM3QiLeA-w,EN,59.4,yes,62,28.58,,Holy Heist,Derville P.I.D.,general_lyric_history,f4c9ee2a7f09
mQTqT8qAWAw,2026-01-23T17:04:46Z,"The Daily Grind (Hyeonam from ""Derville P.I.D."")",https://www.youtube.com/watch?v=mQTqT8qAWAw,EN,60.1,yes,74,25.5,,The Daily Grind,Derville P.I.D.,labor_work,4a508ed90a4d
VXbY-PM7axw,2026-01-23T12:35:26Z,[Run Sarura Run!] 라이자 - '네시 반 담장 너머',https://www.youtube.com/watch?v=VXbY-PM7axw,KR,60.0,yes,48,13.88,Run Sarura Run!,라이자,네시 반 담장 너머,summer_heat | winter_christmas | rain_city | run_dance_motion | self_denial_rationalization,f57141c76d02
NiTTiKLAYNw,2026-01-21T18:11:37Z,[Run Sarura Run!] 라이니?x령 - '그런 식으로 오는구나 (Glicko Algorithm)',https://www.youtube.com/watch?v=NiTTiKLAYNw,KR,61.1,yes,57,13.84,Run Sarura Run!,라이니? | 령,그런 식으로 오는구나 (Glicko Algorithm),rain_city | self_denial_rationalization | cute_comedy | heroic_fantasy | tender_comfort,ee02c38c1f55
v84kQ-nfG7o,2026-01-21T12:20:01Z,[Run Sarura Run!] 샐리 - '봄으로 달리는 오리배',https://www.youtube.com/watch?v=v84kQ-nfG7o,KR,60.0,yes,51,12.9,Run Sarura Run!,샐리,봄으로 달리는 오리배,summer_heat | winter_christmas | run_dance_motion | self_denial_rationalization | tender_comfort,bc69d832a149
G35LM8Qi4fc,2026-01-19T18:44:18Z,"Night Before (Bongnam from ""Derville P.I.D."")",https://www.youtube.com/watch?v=G35LM8Qi4fc,EN,66.8,yes,71,27.62,,Night Before,Derville P.I.D.,idol_pop_hook,c2806aeff1eb
BiTLYcOod9k,2026-01-18T16:03:50Z,"Abracadabra-Byte (Mitchell from ""Derville P.I.D."")",https://www.youtube.com/watch?v=BiTLYcOod9k,EN,45.2,yes,52,37.81,,Abracadabra-Byte,Derville P.I.D.,general_lyric_history,1d5bdd12d91e
yBDlzUYBKbw,2026-01-17T17:55:38Z,[Derville Pen is Dead!] dry run (Ending Theme),https://www.youtube.com/watch?v=yBDlzUYBKbw,EN,69.3,yes,50,15.48,Derville Pen is Dead!,dry run,,general_lyric_history,2d8dcf1443ae
FyBIgvCqdj8,2026-01-17T15:16:31Z,[Derville Pen is Dead!] The Villain's Manifesto (Opening Theme),https://www.youtube.com/watch?v=FyBIgvCqdj8,EN,42.6,yes,36,41.36,Derville Pen is Dead!,The Villain's Manifesto,,general_lyric_history,f97ae99ae964
nXgTw5QUez8,2026-01-15T14:01:08Z,[Run Sarura Run!] 샐리 - '봄 한정! 사랑의 묘약 레시피',https://www.youtube.com/watch?v=nXgTw5QUez8,KR,63.5,yes,43,14.63,Run Sarura Run!,샐리,봄 한정! 사랑의 묘약 레시피,summer_heat | rain_city | run_dance_motion | self_denial_rationalization | cute_comedy,0db11c8cb898
cJNKqE8SGNQ,2026-01-14T17:31:12Z,[Run Sarura Run!] 라이니 - '어른들을 위한 그네 타기 입문서',https://www.youtube.com/watch?v=cJNKqE8SGNQ,KR,66.0,yes,35,15.26,Run Sarura Run!,라이니,어른들을 위한 그네 타기 입문서,rain_city | self_denial_rationalization | tender_comfort,8790632d3529
_1Rf60JwXdE,2026-01-13T17:04:33Z,[Derville Pen is dead! 1기] Scrap Rhapsody (OP곡),https://www.youtube.com/watch?v=_1Rf60JwXdE,KR,62.1,yes,58,16.83,Derville Pen is dead! 1기,Scrap Rhapsody,,rain_city | run_dance_motion | self_denial_rationalization | heroic_fantasy | tender_comfort,a4ffea4eed21
8be2BU_xyCA,2026-01-12T17:00:16Z,[Derville Pen is dead!] 박봉남 - '나데기 (나는 데르빌의 기쎈고양이)',https://www.youtube.com/watch?v=8be2BU_xyCA,KR,61.7,yes,54,17.28,Derville Pen is dead!,박봉남,나데기 (나는 데르빌의 기쎈고양이),run_dance_motion | cute_comedy | heroic_fantasy | tender_comfort | dark_cool,4f70852a09f7
tO0ob_QvFLM,2026-01-11T17:13:29Z,[Run Sarura Run!] 카샤스x네르 - '쪽지게임',https://www.youtube.com/watch?v=tO0ob_QvFLM,KR,60.0,yes,73,11.88,Run Sarura Run!,카샤스 | 네르,쪽지게임,winter_christmas | rain_city | run_dance_motion | self_denial_rationalization | cute_comedy,5e584573592e
dHL8n9COdB0,2026-01-11T10:57:54Z,[Run Sarura Run!] 크래더x테피 - 'Moving Day (꽃샘추위)',https://www.youtube.com/watch?v=dHL8n9COdB0,KR,60.0,yes,32,17.56,Run Sarura Run!,크래더 | 테피,Moving Day (꽃샘추위),summer_heat | winter_christmas | run_dance_motion | self_denial_rationalization | heroic_fantasy,2266c038ea6b
8xNRYJ0y-ns,2026-01-10T16:36:12Z,"[Run Sarura Run!] 마리 - '터진 김밥, 봄감기 그리고 우리'",https://www.youtube.com/watch?v=8xNRYJ0y-ns,KR,60.0,yes,62,15.84,Run Sarura Run!,마리,"터진 김밥, 봄감기 그리고 우리",summer_heat | winter_christmas | rain_city | self_denial_rationalization | heroic_fantasy,5c88f5c2d700
_OmL-AgNFhE,2026-01-10T09:15:46Z,"I Was Hacked! (Bongnam from ""Derville P.I.D."")",https://www.youtube.com/watch?v=_OmL-AgNFhE,EN,49.0,yes,63,32.68,,I Was Hacked!,Derville P.I.D.,labor_work,8991360fd6d2
V2uWOESd0sQ,2026-01-10T04:29:05Z,[Team Lemot] Liberty & EMOTion (Sarura x Derville in KR/EN/JP/ES),https://www.youtube.com/watch?v=V2uWOESd0sQ,EN,59.4,yes,44,24.02,Team Lemot,Liberty | EMOTion,,self_denial_rationalization | cute_comedy | tender_comfort,248d660648ba
iY2Z-11RRh4,2026-01-08T15:50:29Z,[Derville Pen is dead! 1기] Run Derville Run! (ED곡),https://www.youtube.com/watch?v=iY2Z-11RRh4,KR,62.9,yes,54,14.8,Derville Pen is dead! 1기,Run Derville Run!,,rain_city | run_dance_motion | self_denial_rationalization | tender_comfort,807644004ac1
5moEtXHyCSg,2026-01-06T16:15:59Z,[デルビル P.I.D.] ペン・イズ・デッド - OPテーマ,https://www.youtube.com/watch?v=5moEtXHyCSg,JA,64.7,yes,38,10.08,デルビル P.I.D.,ペン・イズ・デッド,,run_dance_motion,570f34aacdc9
9A1GMUUEkj4,2026-01-05T17:07:27Z,[デルビル P.I.D.] ウェリング - 銀色の福音,https://www.youtube.com/watch?v=9A1GMUUEkj4,JA,60.0,yes,53,11.98,デルビル P.I.D.,ウェリング,,rain_city,efda2ffb4837
ecDcq3j69hI,2026-01-04T12:50:37Z,[デルビル P.I.D.] シスターウナ - 鋼鉄の花,https://www.youtube.com/watch?v=ecDcq3j69hI,JA,64.5,yes,20,12.05,デルビル P.I.D.,シスターウナ,,general_lyric_history,95578ff06d5c
hmeHSM-TjWc,2026-01-04T09:55:24Z,[デルビル P.I.D.] タラハン - シェアハウスじゃないって言ったじゃん！,https://www.youtube.com/watch?v=hmeHSM-TjWc,JA,60.0,yes,26,17.81,デルビル P.I.D.,タラハン,,general_lyric_history,3537dee7abf2
EtwNqjwUvfg,2026-01-04T05:00:50Z,[デルビル P.I.D.] シスタトゥー - ディールト・ハンド,https://www.youtube.com/watch?v=EtwNqjwUvfg,JA,60.0,yes,31,13.1,デルビル P.I.D.,シスタトゥー,,general_lyric_history,1c6dfa69d793
8gboQv-g5Cg,2026-01-03T15:03:47Z,[デルビル P.I.D.] マルティナ - 住所、どこ？,https://www.youtube.com/watch?v=8gboQv-g5Cg,JA,59.4,yes,40,11.65,デルビル P.I.D.,マルティナ,,general_lyric_history,1258561663e7
jg7lXy321Bk,2026-01-03T10:51:11Z,[デルビル P.I.D.] ジェンセン - 職員Xの陳述 (Persian Lullaby),https://www.youtube.com/watch?v=jg7lXy321Bk,JA,62.4,yes,49,11.96,デルビル P.I.D.,ジェンセン,,general_lyric_history,e80c381ee8b9
eEC6EfQGCLc,2026-01-03T01:41:27Z,[デルビル P.I.D.] ユージン - とにかく、うまくいったよね？,https://www.youtube.com/watch?v=eEC6EfQGCLc,JA,60.7,yes,45,14.73,デルビル P.I.D.,ユージン,,general_lyric_history,740c1b0c6b1c
EBRHJvDEgG8,2026-01-02T17:16:43Z,[デルビル P.I.D.] オレグ - NO! (副団長の鎮魂歌),https://www.youtube.com/watch?v=EBRHJvDEgG8,JA,60.0,yes,39,12.03,デルビル P.I.D.,オレグ,,general_lyric_history,06849beccf35
LBwAh9denU0,2026-01-02T12:28:07Z,[デルビル P.I.D.] ミッチェル - ミッドナイト・ディーゼル,https://www.youtube.com/watch?v=LBwAh9denU0,JA,64.0,yes,30,17.8,デルビル P.I.D.,ミッチェル,,run_dance_motion,3cc7e9c510a4
Psg1TA75RiE,2026-01-01T18:14:17Z,[デルビル P.I.D.] ウォルコット - 聖騎士団の流儀,https://www.youtube.com/watch?v=Psg1TA75RiE,JA,63.8,yes,39,15.08,デルビル P.I.D.,ウォルコット,,general_lyric_history,abaf22714524
TJvsLhr3e7Y,2026-01-01T13:29:48Z,[デルビル P.I.D.] ヒョンアム - 行政ディスコ,https://www.youtube.com/watch?v=TJvsLhr3e7Y,JA,60.0,yes,43,10.53,デルビル P.I.D.,ヒョンアム,,run_dance_motion,9e9df5217682
VxCiHKIWsxI,2026-01-01T06:31:29Z,[デルビル P.I.D.] パク・ボンナム - 出世街道は姫へと続く,https://www.youtube.com/watch?v=VxCiHKIWsxI,JA,60.9,yes,70,12.17,デルビル P.I.D.,パク・ボンナム,,run_dance_motion,7d27a8018c91
B0hT2_krsBU,2025-12-31T18:58:18Z,[Run Sarura Run!] 레베카 - '꽃잎 잉크가 번진 페이지',https://www.youtube.com/watch?v=B0hT2_krsBU,KR,50.0,yes,41,15.61,Run Sarura Run!,레베카,꽃잎 잉크가 번진 페이지,summer_heat | winter_christmas | rain_city | tender_comfort | dark_cool,46311bf66cb2
mRXM0lornk4,2025-12-31T10:31:17Z,[Run Sarura Run!] 루크 - '숨바꼭질',https://www.youtube.com/watch?v=mRXM0lornk4,KR,51.7,yes,35,16.31,Run Sarura Run!,루크,숨바꼭질,winter_christmas | rain_city | run_dance_motion | heroic_fantasy | tender_comfort,a35e9391693e
sGev3_VB4MQ,2025-12-30T15:38:16Z,"지금 와서 뭐! (카샤스 from ""Run Sarura Run"")",https://www.youtube.com/watch?v=sGev3_VB4MQ,KR,55.3,yes,34,19.91,,지금 | 서 뭐!,Run Sarura Run,rain_city | self_denial_rationalization | cute_comedy | tender_comfort | dark_cool,46772f2db27e
lN94Wenhxk0,2025-12-30T12:29:48Z,"Neon Ritual (Mitchell from ""Derville P.I.D."")",https://www.youtube.com/watch?v=lN94Wenhxk0,EN,54.9,yes,78,29.47,,Neon Ritual,Derville P.I.D.,general_lyric_history,29e17f8c82a3
FPFc4k8EiOk,2025-12-29T17:02:52Z,"Le Jardinier de l'Ombre (Solozhen de ""Derville P.I.D."")",https://www.youtube.com/watch?v=FPFc4k8EiOk,EN,39.1,yes,23,33.39,,Le Jardinier de l'Ombre,Ombre (Solozhen de ,general_lyric_history,2a55f57e120d
9LzneaLBZx0,2025-12-28T17:39:28Z,"Valsa Maldita (Silva de ""Run Sarura Run"")",https://www.youtube.com/watch?v=9LzneaLBZx0,EN,58.9,yes,23,12.22,,Valsa Maldita,Run Sarura Run,general_lyric_history,cc28941324ad
TBnFrc26ScY,2025-12-28T14:23:42Z,"¡Chiquita pero Picosa! (Sally de ""Run Sarura Run"")",https://www.youtube.com/watch?v=TBnFrc26ScY,EN,54.7,yes,52,21.73,,¡Chiquita pero Picosa!,Run Sarura Run,general_lyric_history,ebc5fc7f5219
f2dB-FrN8O4,2025-12-27T17:13:24Z,QUÉMALO - (Anthem de Año Nuevo - Mitchell & Martina de Derville P.I.D.),https://www.youtube.com/watch?v=f2dB-FrN8O4,EN,56.0,yes,58,30.67,,QUÉMALO,,general_lyric_history,c35fc9ee4d5d
NpIaHmgJpDE,2025-12-27T14:19:04Z,"赤い電池 (""ラン・サルラ・ラン"" ネル 新年記念ソング)",https://www.youtube.com/watch?v=NpIaHmgJpDE,JA,50.0,yes,45,15.98,,赤い電池,ラン・サルラ・ラン,general_lyric_history,2507d3bbacb6
FNkQEWDlVNw,2025-12-27T11:31:25Z,[Lemot Team] Bongnam & Walcott - 'RESOLUTION' (Live Bootleg),https://www.youtube.com/watch?v=FNkQEWDlVNw,EN,52.0,yes,70,21,Lemot Team,Bongnam | Walcott,RESOLUTION,general_lyric_history,94e4daeb4719
DYWE5pXNMNs,2025-12-26T15:35:37Z,[레못맛소녀곰] 박봉남x월콧 - 'Se90nd (송구영신)' (Ver. Live),https://www.youtube.com/watch?v=DYWE5pXNMNs,KR,50.9,yes,58,22.53,레못맛소녀곰,박봉남 | 월콧,Se90nd (송구영신),summer_heat | winter_christmas | rain_city | run_dance_motion | self_denial_rationalization,6be44c09c0bc
5mOSZ3g7rgQ,2025-12-25T17:12:33Z,[Derville Pen is dead! 1기] 박봉남 - '데르빌의 D직장요정' (Retake),https://www.youtube.com/watch?v=5mOSZ3g7rgQ,KR,51.8,yes,51,19.27,Derville Pen is dead! 1기,박봉남,데르빌의 D직장요정,summer_heat | winter_christmas | rain_city | run_dance_motion | self_denial_rationalization,5cffed592419
c8c0d1BHUik,2025-12-25T16:28:15Z,[Derville Pen is dead! 1기] 현암x젠슨x월콧 - 'Derville's 9 to 9' (Retake),https://www.youtube.com/watch?v=c8c0d1BHUik,KR,53.7,yes,59,19.92,Derville Pen is dead! 1기,현암 | 젠슨 | 월콧,Derville,winter_christmas | rain_city | self_denial_rationalization | cute_comedy | heroic_fantasy,b2416e06567f
0Tra-VQCacU,2025-12-25T15:00:57Z,[Derville Pen is dead!] 박봉남x현암 - '김치찌개' (Ver. Live),https://www.youtube.com/watch?v=0Tra-VQCacU,KR,28.8,no_or_needs_manual_review,20,62.25,Derville Pen is dead!,박봉남 | 현암,김치찌개,winter_christmas | rain_city | run_dance_motion | self_denial_rationalization | cute_comedy,3de56c27b694
7u3zMwukBMs,2025-12-25T13:04:03Z,"[Run Sarura Run!] 세리카x체니 - '안녕하세요, 혼돈!' (Retake)",https://www.youtube.com/watch?v=7u3zMwukBMs,KR,52.6,yes,46,15.5,Run Sarura Run!,세리카 | 체니,"안녕하세요, 혼돈!",winter_christmas | rain_city | run_dance_motion | self_denial_rationalization | cute_comedy,48ad1719dc76
s4TmBh4kCts,2025-12-25T12:01:59Z,[Run Sarura Run! 2기] 령 - 'A.I.DOL 에코 ☆ 처음 인사드려요!' (Retake),https://www.youtube.com/watch?v=s4TmBh4kCts,KR,56.2,yes,56,23.29,Run Sarura Run! 2기,령,A.I.DOL 에코 ☆ 처음 인사드려요!,summer_heat | rain_city | self_denial_rationalization | cute_comedy | dark_cool,f6b6bc60246d
MSTOZbcmE8I,2025-12-25T11:13:31Z,[Run Sarura Run!] 루크x마리 - '슈뢰딩거의 고양이' (Retake),https://www.youtube.com/watch?v=MSTOZbcmE8I,KR,58.5,yes,39,22.23,Run Sarura Run!,루크 | 마리,슈뢰딩거의 고양이,summer_heat | winter_christmas | self_denial_rationalization | cute_comedy | heroic_fantasy,10378027f8f1
fRfcXTwIjd8,2025-12-25T08:44:18Z,[Run Sarura Run! 1기] 크래더 - '백수 블루스' (Retake),https://www.youtube.com/watch?v=fRfcXTwIjd8,KR,60.0,yes,36,21.28,Run Sarura Run! 1기,크래더,백수 블루스,winter_christmas | run_dance_motion | self_denial_rationalization | tender_comfort,a1f92d5ec156
8ixtSSsFXWM,2025-12-25T08:01:46Z,[Run Sarura Run! 1기] 체니 - '최강! 이 몸! 등장!' (Retake),https://www.youtube.com/watch?v=8ixtSSsFXWM,KR,54.6,yes,26,23.73,Run Sarura Run! 1기,체니,최강! 이 몸! 등장!,run_dance_motion | self_denial_rationalization | cute_comedy | heroic_fantasy | idol_pop_hook,d16473961c5b
v1ufVYp8mgc,2025-12-25T07:34:40Z,[Run Sarura Run! 1기] 레베카 - '나의 작은 친구들' (Retake),https://www.youtube.com/watch?v=v1ufVYp8mgc,KR,55.1,yes,35,18.23,Run Sarura Run! 1기,레베카,나의 작은 친구들,summer_heat | winter_christmas | rain_city | self_denial_rationalization | heroic_fantasy,6598fd82b01b
Xr0dMJDoHMc,2025-12-16T20:05:45Z,[ラン・サルラ・ラン] リョン - 'カーネル・エラー・パニック！',https://www.youtube.com/watch?v=Xr0dMJDoHMc,JA,39.3,yes,49,35.86,ラン・サルラ・ラン,リョン,カーネル・エラー・パニック！,general_lyric_history,ac0522ba7289
S85EMFNG2PQ,2025-12-16T19:25:09Z,[ラン・サルラ・ラン] サリー - '気まぐれ魔女の繁盛記'  (Demo Ver.),https://www.youtube.com/watch?v=S85EMFNG2PQ,JA,56.2,yes,56,20.14,ラン・サルラ・ラン,サリー,気まぐれ魔女の繁盛記,general_lyric_history,2730edf58a47
11SUzlQNkDU,2025-12-16T18:39:40Z,[ラン・サルラ・ラン]セリカ - '窓辺のスケッチ',https://www.youtube.com/watch?v=11SUzlQNkDU,JA,55.8,yes,36,14.33,ラン・サルラ・ラン,セリカ,窓辺のスケッチ,general_lyric_history,4618d8daee88
BITO4dqelog,2025-12-16T17:46:43Z,[ラン・サルラ・ラン]テフィ - '大切な迷子さん',https://www.youtube.com/watch?v=BITO4dqelog,JA,50.0,yes,23,19.74,ラン・サルラ・ラン,テフィ,大切な迷子さん,general_lyric_history,6914f792fedf
fkXcEYAx1rY,2025-12-16T16:16:15Z,[ラン・サルラ・ラン]レイニー - '密室の観劇',https://www.youtube.com/watch?v=fkXcEYAx1rY,JA,50.0,yes,39,14.38,ラン・サルラ・ラン,レイニー,密室の観劇,general_lyric_history,a2c5fe5e0c9e
TZ8-T3n2Xtg,2025-12-15T17:47:46Z,[ラン・サルラ・ラン] チェニー- '捕まえてごらん!' (Demo Ver.),https://www.youtube.com/watch?v=TZ8-T3n2Xtg,JA,50.0,yes,52,19.12,ラン・サルラ・ラン,チェニー,捕まえてごらん!,run_dance_motion,5f312dcad607
ViOjs9-m2tI,2025-12-15T15:20:29Z,[ラン・サルラ・ラン]ネル - 'ブラック、ときどき苺',https://www.youtube.com/watch?v=ViOjs9-m2tI,JA,55.0,yes,36,14.14,ラン・サルラ・ラン,ネル,ブラック、ときどき苺,general_lyric_history,def044a6244b
YrFJgorBGh8,2025-12-15T13:57:49Z,[ラン・サルラ・ラン]レベッカ - '甘いパフェを、一緒に食べよう',https://www.youtube.com/watch?v=YrFJgorBGh8,JA,58.9,yes,38,13.5,ラン・サルラ・ラン,レベッカ,甘いパフェを、一緒に食べよう,general_lyric_history,e15510afd7c2
OUl_58lG7Bo,2025-12-14T15:58:48Z,[ラン・サルラ・ラン] マリー - 'あまのじゃくパレード',https://www.youtube.com/watch?v=OUl_58lG7Bo,JA,65.6,yes,47,13.28,ラン・サルラ・ラン,マリー,あまのじゃくパレード,run_dance_motion,b339f394081b
FTl9vwcjbCA,2025-12-14T15:24:46Z,[ラン・サルラ・ラン] ルーク - '碧の栞',https://www.youtube.com/watch?v=FTl9vwcjbCA,JA,65.0,yes,42,12.57,ラン・サルラ・ラン,ルーク,碧の栞,general_lyric_history,547b4bdccb7d
duBpzx8MDqk,2025-12-14T13:05:02Z,Tephy - 'Afterglow' (Cool Down / Acoustic Soul & Chillout),https://www.youtube.com/watch?v=duBpzx8MDqk,EN,62.9,yes,71,24.46,,Tephy,Afterglow,labor_work,ef7defd931b1
zpwrUyl_tw0,2025-12-14T12:46:10Z,Lainy - 'Runway Criminal' (Treadmill Walk / Deep House & Vogue),https://www.youtube.com/watch?v=zpwrUyl_tw0,EN,54.8,yes,70,27.46,,Lainy,Runway Criminal,labor_work,727f451ce402
WzaMOrgf1z8,2025-12-14T11:59:24Z,Serika & Eugene - 'Zero Calorie' (Aerobic Dance / Eurodance),https://www.youtube.com/watch?v=WzaMOrgf1z8,EN,49.3,yes,65,29.46,,Serika | Eugene,Zero Calorie,labor_work,e695c495ffbb
M_JyhbUsskE,2025-12-14T11:24:46Z,Martina - 'Dale Fuego' (Zumba Dance / Latin Reggaeton),https://www.youtube.com/watch?v=M_JyhbUsskE,EN,51.1,yes,57,29.75,,Martina,Dale Fuego,general_lyric_history,a60f1af3dbfd
P3y5y7hc2fI,2025-12-14T10:31:15Z,Sally - 'Glitter Glow' (Cardio Dance / Nu-Disco),https://www.youtube.com/watch?v=P3y5y7hc2fI,EN,47.6,yes,61,31.44,,Sally,Glitter Glow,labor_work,b4ae457ee408
irS92mH52YQ,2025-12-14T07:49:16Z,Bellona - 'Combat High' (Heavy Bag Smash / Cinematic Industrial Rock),https://www.youtube.com/watch?v=irS92mH52YQ,EN,46.3,yes,54,30.57,,Bellona,Combat High,labor_work,4c67fd5dfc23
Y2EiGZvXgps,2025-12-14T07:26:15Z,Mitchell - Midnight Glide (Jump Rope & Speedball / Liquid DnB & UK Garage),https://www.youtube.com/watch?v=Y2EiGZvXgps,EN,53.6,yes,81,25.89,,Mitchell,,idol_pop_hook,520bcbb9c3cd
1QxVGtaF5uU,2025-12-14T05:44:35Z,Kreather - Lazy Walk (Boxing Footwork / Latin Pop & Mariachi Rock),https://www.youtube.com/watch?v=1QxVGtaF5uU,EN,58.3,yes,69,23.48,,Kreather,,labor_work,ab44b4c6e6ea
J_Ad62H4Cq8,2025-12-13T16:32:21Z,Marie - Beat It Up! (Boxing / Electro Funk & Disco House),https://www.youtube.com/watch?v=J_Ad62H4Cq8,EN,63.9,yes,53,24.75,,Marie,,idol_pop_hook,ef23d48ead9e
bkp3WphmvjQ,2025-12-13T15:55:48Z,Bongnam - Pink K.O. (Boxing / Hype Rap & Trap),https://www.youtube.com/watch?v=bkp3WphmvjQ,EN,56.3,yes,71,27.39,,Bongnam,,general_lyric_history,68778312f28e
1islDd4tuO8,2025-12-13T15:26:42Z,Welling - Titan (Squat & Deadlift / Arena Rock),https://www.youtube.com/watch?v=1islDd4tuO8,EN,52.8,yes,65,27.68,,Welling,,general_lyric_history,28ff12b61f3b
Kp0Tyq6O3Fc,2025-12-13T15:04:46Z,Walcott - Gravity (Bench Press / Post-Hardcore & Emo Rock),https://www.youtube.com/watch?v=Kp0Tyq6O3Fc,EN,49.8,yes,74,26.42,,Walcott,,general_lyric_history,b79b1975aee0
YHvmCngC9Gs,2025-12-13T14:49:37Z,Kashas - Overload (Shoulder Press / Funk Metal & Grime),https://www.youtube.com/watch?v=YHvmCngC9Gs,EN,50.7,yes,68,28.16,,Kashas,,general_lyric_history,5d94c01a50ca
2JomZe0xq9Y,2025-12-13T14:28:57Z,Tatoo - Dark Iron (Weight Training / Gym Phonk),https://www.youtube.com/watch?v=2JomZe0xq9Y,EN,0,no_or_needs_manual_review,12,140.83,,Tatoo,,general_lyric_history,b310fa516cc9
cpZ5qMtbTN4,2025-12-13T12:11:38Z,Oleg - Iron Temple (Weight Lifting / Industrial Metal),https://www.youtube.com/watch?v=cpZ5qMtbTN4,EN,61.7,yes,60,24.87,,Oleg,,general_lyric_history,a11c0d94c80f
EAfKLGkB9R4,2025-12-13T11:33:11Z,Chenny - Pe(x)ace Maker (Running / Happy Hardcore),https://www.youtube.com/watch?v=EAfKLGkB9R4,EN,43.0,yes,68,31.01,,Chenny,,labor_work,ce6e0d3f40be
i-PpNvnqmO4,2025-12-13T09:44:18Z,Tarahan - Spectral Run (Running / Liquid Drum & Bass),https://www.youtube.com/watch?v=i-PpNvnqmO4,EN,54.9,yes,43,23.44,,Tarahan,,idol_pop_hook,57520f8665e1
P2fnvz1Elxo,2025-12-13T08:30:05Z,Nerh - Full Throttle (Running / Modern Hard Rock),https://www.youtube.com/watch?v=P2fnvz1Elxo,EN,57.9,yes,51,22.25,,Nerh,,general_lyric_history,6d778e27126b
pApFs8fAyMI,2025-12-13T08:13:58Z,Luke - Sky Runner (Running / Progressive House),https://www.youtube.com/watch?v=pApFs8fAyMI,EN,55.8,yes,37,22.7,,Luke,,idol_pop_hook,3b356faf5555
xZoVfvZkz54,2025-12-13T07:55:12Z,Marie - Oxygen Debt (Running / J-Rock),https://www.youtube.com/watch?v=xZoVfvZkz54,EN,57.3,yes,55,23.67,,Marie,,general_lyric_history,6f4c5606af11
luEJ76Ggatg,2025-12-12T16:21:09Z,[노동요] 크래더 - 'Red Day Lover',https://www.youtube.com/watch?v=luEJ76Ggatg,KR,52.8,yes,56,19.48,노동요,크래더,Red Day Lover,winter_christmas | rain_city | run_dance_motion | self_denial_rationalization | cute_comedy,1ca8b22acf3c
X9CgPmNWM_4,2025-12-12T14:46:15Z,[노동요] 웰링x우나 - '11:50',https://www.youtube.com/watch?v=X9CgPmNWM_4,KR,54.7,yes,47,16.77,노동요,웰링 | 우나,11:50,summer_heat | winter_christmas | rain_city | run_dance_motion | self_denial_rationalization,59e8160d4662
1tuB7dI4FgU,2025-12-10T17:58:54Z,[노동요] 박봉남 - '두 손 모아 새해 기도',https://www.youtube.com/watch?v=1tuB7dI4FgU,KR,59.1,yes,52,14.58,노동요,박봉남,두 손 모아 새해 기도,summer_heat | winter_christmas | rain_city | self_denial_rationalization | cute_comedy,16b009fef81e
VOVIZl7N2cs,2025-12-10T16:55:52Z,[노동요] 현암x유진 - 'Goodbye! My Last Restroom! ' (Live Ver.),https://www.youtube.com/watch?v=VOVIZl7N2cs,KR,57.2,yes,56,18.11,노동요,현암 | 유진,Goodbye! My Last Restroom! ,summer_heat | rain_city | run_dance_motion | self_denial_rationalization | heroic_fantasy,12ee4a894bc1
mPlDdKD4rBk,2025-12-10T15:56:54Z,[노동요] 현암 - '총무 BLUES',https://www.youtube.com/watch?v=mPlDdKD4rBk,KR,49.5,yes,49,17.33,노동요,현암,총무 BLUES,rain_city | heroic_fantasy | dark_cool | labor_work,b6f38c5a8dd3
qoE6n0nu8Mo,2025-12-08T17:19:29Z,[노동요] 체니 - '새빠지게 일해라',https://www.youtube.com/watch?v=qoE6n0nu8Mo,KR,53.1,yes,58,16.97,노동요,체니,새빠지게 일해라,winter_christmas | rain_city | self_denial_rationalization | cute_comedy | heroic_fantasy,64cedca431f2
hn2NKbP0w-E,2025-12-08T15:28:46Z,[노동요] 네르 - '붉은 책상의 맹세',https://www.youtube.com/watch?v=hn2NKbP0w-E,KR,52.8,yes,57,16.07,노동요,네르,붉은 책상의 맹세,summer_heat | winter_christmas | self_denial_rationalization | heroic_fantasy | tender_comfort,0303b5f43041
vBQZLM21owg,2025-12-08T12:04:41Z,[노동요] 루크 - '행복한 설거지 구락부(Happy Dishwashing Club)',https://www.youtube.com/watch?v=vBQZLM21owg,KR,53.3,yes,54,16.3,노동요,루크,행복한 설거지 구락부(Happy Dishwashing Club),rain_city | self_denial_rationalization | tender_comfort | labor_work,d9863a4d0cd1
s9Bh9wg-ho0,2025-12-07T17:17:46Z,[노동요] 레베카 - '해피 클리닝 클럽(Happy Cleaning Club)',https://www.youtube.com/watch?v=s9Bh9wg-ho0,KR,53.9,yes,55,16.98,노동요,레베카,해피 클리닝 클럽(Happy Cleaning Club),summer_heat | rain_city | self_denial_rationalization | heroic_fantasy | tender_comfort,b67146e78136
9UoA6-VDzWE,2025-12-07T13:29:31Z,[노동요] 샐리 - '월요일 아침의 열받기',https://www.youtube.com/watch?v=9UoA6-VDzWE,EN,49.0,yes,43,20.49,노동요,샐리,월요일 아침의 열받기,rain_city | heroic_fantasy | labor_work,0f1597f03839
BRER_SjcaCM,2025-12-07T07:29:03Z,[노동요] 샐리 - '노동요(였던 것)',https://www.youtube.com/watch?v=BRER_SjcaCM,KR,50.3,yes,38,21.39,노동요,샐리,노동요(였던 것),winter_christmas | rain_city | run_dance_motion | self_denial_rationalization | heroic_fantasy,c9635c2ad765
28ri40rfQaI,2025-12-07T04:55:17Z,[노동요] 미첼 - 'Deadline Time Traveler',https://www.youtube.com/watch?v=28ri40rfQaI,KR,42.8,yes,45,23.84,노동요,미첼,Deadline Time Traveler,rain_city | run_dance_motion | self_denial_rationalization | cute_comedy | tender_comfort,0bec79c605f8
EVwzW95dLcA,2025-12-07T04:12:45Z,[노동요] 미첼 - 'Midnight Cursor',https://www.youtube.com/watch?v=EVwzW95dLcA,KR,54.5,yes,43,22.7,노동요,미첼,Midnight Cursor,summer_heat | winter_christmas | run_dance_motion | self_denial_rationalization | heroic_fantasy,7b88a919cfab
VI1S9kJw2o8,2025-12-06T17:58:09Z,[노동요] 박봉남x마리 - 'NO MORE WORK!',https://www.youtube.com/watch?v=VI1S9kJw2o8,KR,52.0,yes,52,17.12,노동요,박봉남 | 마리,NO MORE WORK!,winter_christmas | rain_city | run_dance_motion | self_denial_rationalization | cute_comedy,cd1bb4907b7d
AlqnoYknvIA,2025-12-06T17:02:21Z,[노동요] 카샤스x월콧 - 'Infinite Work',https://www.youtube.com/watch?v=AlqnoYknvIA,KR,53.2,yes,56,20.93,노동요,카샤스 | 월콧,Infinite Work,winter_christmas | rain_city | run_dance_motion | self_denial_rationalization | tender_comfort,e6d40af932e1
SSnO0gnuz6Y,2025-12-06T13:39:06Z,[Winter/Christmas] 시스터 우나 - '눈의 미로(Snowy Maze)',https://www.youtube.com/watch?v=SSnO0gnuz6Y,KR,51.1,yes,27,19.74,Winter/Christmas,시스터 우나,눈의 미로(Snowy Maze),summer_heat | winter_christmas | rain_city | run_dance_motion | self_denial_rationalization,6a5f86733429
-RvzN240XDY,2025-12-06T12:55:12Z,[Winter/Christmas] 라이니 - 'My Private Christmas',https://www.youtube.com/watch?v=-RvzN240XDY,KR,49.3,yes,37,20.78,Winter/Christmas,라이니,My Private Christmas,summer_heat | winter_christmas | rain_city | self_denial_rationalization | cute_comedy,ef4749d7febf
P8DxwcXfN2w,2025-12-06T11:01:13Z,[Winter/Christmas] 타라한 - '반반목도리',https://www.youtube.com/watch?v=P8DxwcXfN2w,KR,51.9,yes,34,20.24,Winter/Christmas,타라한,반반목도리,summer_heat | winter_christmas | rain_city | self_denial_rationalization | cute_comedy,f9e5495ace69
_YV_mvA2Qtc,2025-12-05T15:59:25Z,[Winter/Christmas] 시스 타투 - '미드나잇 테이블 (Midnight Table)',https://www.youtube.com/watch?v=_YV_mvA2Qtc,KR,52.7,yes,39,20,Winter/Christmas,시스 타투,미드나잇 테이블 (Midnight Table),winter_christmas | rain_city | self_denial_rationalization | heroic_fantasy | tender_comfort,55df4e29d527
SA0f346egNY,2025-12-04T16:53:34Z,[Winter/Christmas] 테피 - '윈터 블루밍 (Winter Blooming)',https://www.youtube.com/watch?v=SA0f346egNY,KR,57.7,yes,51,18.9,Winter/Christmas,테피,윈터 블루밍 (Winter Blooming),summer_heat | winter_christmas | rain_city | run_dance_motion | tender_comfort,62c7f8366f4b
iP3Dsgimn-M,2025-12-03T14:34:07Z,[Winter/Christmas] 체니 - '크리스마스의 악몽!',https://www.youtube.com/watch?v=iP3Dsgimn-M,KR,57.3,yes,57,16.63,Winter/Christmas,체니,크리스마스의 악몽!,winter_christmas | rain_city | self_denial_rationalization | cute_comedy | dark_cool,c92bf1116046
9yJS20NL7LU,2025-12-02T16:28:42Z,[Winter/Christmas] 미첼 - 'Neon 'Stiller',https://www.youtube.com/watch?v=9yJS20NL7LU,KR,48.2,yes,39,23.69,Winter/Christmas,미첼,Neon ,summer_heat | winter_christmas | rain_city | run_dance_motion | tender_comfort,0631f209d6ec
m-zyoGX8G04,2025-12-01T16:43:12Z,"[Winter/Christmas] 세리카 - 'Shine, Like a Starlight'",https://www.youtube.com/watch?v=m-zyoGX8G04,KR,52.1,yes,44,18.66,Winter/Christmas,세리카,"Shine, Like a Starlight",summer_heat | winter_christmas | rain_city | run_dance_motion | self_denial_rationalization,75ed58aef82c
deneQk2z_SA,2025-11-30T15:22:31Z,"[Winter/Christmas] 령 - '""Hello, Christmas""'",https://www.youtube.com/watch?v=deneQk2z_SA,KR,58.3,yes,43,16.63,Winter/Christmas,령,"Hello, Christmas",summer_heat | winter_christmas | rain_city | tender_comfort | dark_cool,e55f1743afaf
p99bwoE-oF0,2025-11-30T11:46:50Z,[Winter/Christmas] 마리 - '왼쪽 주머니 속 전쟁',https://www.youtube.com/watch?v=p99bwoE-oF0,KR,49.4,yes,43,20.49,Winter/Christmas,마리,왼쪽 주머니 속 전쟁,winter_christmas | rain_city | self_denial_rationalization | cute_comedy | tender_comfort,5c1009c1c982
psjpK81zgX0,2025-11-30T05:44:15Z,[Winter/Christmas] 레베카 - '붕어빵 세마리',https://www.youtube.com/watch?v=psjpK81zgX0,KR,55.0,yes,49,15.9,Winter/Christmas,레베카,붕어빵 세마리,winter_christmas | rain_city | self_denial_rationalization | tender_comfort,2b86a036f6c3
jJxUf-JQDgY,2025-11-29T17:57:54Z,[Winter/Christmas] 마르티나 - 'Noche de Fuego (불꽃의 밤)',https://www.youtube.com/watch?v=jJxUf-JQDgY,KR,57.9,yes,57,18.96,Winter/Christmas,마르티나,Noche de Fuego (불꽃의 밤),summer_heat | winter_christmas | rain_city | run_dance_motion | self_denial_rationalization,ba8a918b5731
1na1siBzw-M,2025-11-29T16:30:24Z,[Winter/Christmas] 박봉남 - '산타는 오늘 못 온대',https://www.youtube.com/watch?v=1na1siBzw-M,KR,56.9,yes,69,20.55,Winter/Christmas,박봉남,산타는 오늘 못 온대,summer_heat | winter_christmas | rain_city | run_dance_motion | self_denial_rationalization,0fa6ea96137b
QyLnIr8vkm4,2025-11-29T12:55:37Z,"[Winter/Christmas] 샐리 - 'Eat, Drink & Shake!'",https://www.youtube.com/watch?v=QyLnIr8vkm4,KR,60.6,yes,49,18.92,Winter/Christmas,샐리,"Eat, Drink & Shake!",summer_heat | winter_christmas | rain_city | run_dance_motion | self_denial_rationalization,f2b1e9b05e33
QC1hd7Jzmuc,2025-11-28T17:48:32Z,[Winter/Christmas]  네르 - 'Snowy Sneakers',https://www.youtube.com/watch?v=QC1hd7Jzmuc,KR,54.1,yes,56,18.68,Winter/Christmas,네르,Snowy Sneakers,summer_heat | winter_christmas | rain_city | self_denial_rationalization | heroic_fantasy,cf78e1cf1a6c
ZrEH-61twx4,2025-11-28T16:01:16Z,"[Project SD] Marie - 'Rolling in the Dice, Oh!' (Kor Ver./한글가사)",https://www.youtube.com/watch?v=ZrEH-61twx4,KR,58.2,yes,56,18.61,Project SD,Marie,"Rolling in the Dice, Oh!",winter_christmas | rain_city | run_dance_motion | self_denial_rationalization | cute_comedy,1082aa8ca124
9iSl1rpAaNo,2025-11-26T11:40:42Z,[방송용 가이드] 박봉남_오프닝 - 'TMI',https://www.youtube.com/watch?v=9iSl1rpAaNo,KR,58.2,yes,48,17.67,방송용 가이드,박봉남_오프닝,TMI,winter_christmas | rain_city | run_dance_motion | self_denial_rationalization | cute_comedy,3241355b3ae5
uTfl3uW3zX8,2025-11-25T15:49:55Z,[방송용 가이드] 루크_엔딩 - '오늘의 책갈피',https://www.youtube.com/watch?v=uTfl3uW3zX8,KR,55.0,yes,51,16.06,방송용 가이드,루크_엔딩,오늘의 책갈피,rain_city | self_denial_rationalization | heroic_fantasy | tender_comfort | dark_cool,52bdecf15c51
rtatU9r5rAs,2025-11-25T12:49:53Z,"[Run Sarura Run!] ""A.K.A. 포레스트가 외동딸"" - '디톡스는 개나 줘!'",https://www.youtube.com/watch?v=rtatU9r5rAs,KR,35.4,yes,38,24.58,Run Sarura Run!,,디톡스는 개나 줘!,summer_heat | winter_christmas | rain_city | run_dance_motion | self_denial_rationalization,54a55703b89a
M7HoSxXTie4,2025-11-24T19:35:16Z,[Lemot Team] Marie - 'BLOW IT UP!',https://www.youtube.com/watch?v=M7HoSxXTie4,EN,50.1,yes,58,32.71,Lemot Team,Marie,BLOW IT UP!,idol_pop_hook,280eab032ba5
5gacdM_61tU,2025-11-24T17:51:56Z,[방송용 가이드] 루크_오프닝 - '작은 발걸음',https://www.youtube.com/watch?v=5gacdM_61tU,KR,54.1,yes,41,15.12,방송용 가이드,루크_오프닝,작은 발걸음,summer_heat | rain_city | run_dance_motion | self_denial_rationalization | heroic_fantasy,acd4b0e1af84
3R5BHpIgEfI,2025-11-23T17:42:16Z,[Project SD] Marie - 'GIVE ME A TREAT!' (Leaked Ver.),https://www.youtube.com/watch?v=3R5BHpIgEfI,EN,58.4,yes,37,26.43,Project SD,Marie,GIVE ME A TREAT!,general_lyric_history,c99eadc7a19a
R8Ve2qivv7w,2025-11-23T16:31:32Z,[Project SD] Marie - 'SKYLINE PLAYGROUND',https://www.youtube.com/watch?v=R8Ve2qivv7w,EN,41.8,yes,57,35,Project SD,Marie,SKYLINE PLAYGROUND,general_lyric_history,ff9c4e230394
hW4np2-WM-k,2025-11-23T15:56:27Z,[Project SD] Marie - 'WILD CARD!',https://www.youtube.com/watch?v=hW4np2-WM-k,EN,52.2,yes,56,28.61,Project SD,Marie,WILD CARD!,general_lyric_history,4ac93702f0be
t2XSL5mp9mQ,2025-11-23T11:27:39Z,[Project SD] Marie - 'CRITICAL EDGE',https://www.youtube.com/watch?v=t2XSL5mp9mQ,EN,43.1,yes,57,33.82,Project SD,Marie,CRITICAL EDGE,idol_pop_hook,ba47acd73337
X9Na_48D4vc,2025-11-23T10:24:00Z,[Bongnam's IM-ERGENCY] Park Bongnam - 'Hunting Will Good',https://www.youtube.com/watch?v=X9Na_48D4vc,EN,50.8,yes,60,28.07,Bongnam's IM-ERGENCY,Park Bongnam,s IM-ERGENCY] Park Bongnam - ,general_lyric_history,575bea105d2d
9lHh1ydAx3s,2025-11-22T15:48:44Z,[Project SD] Marie - 'Moonlight Cast',https://www.youtube.com/watch?v=9lHh1ydAx3s,EN,45.0,yes,58,33.03,Project SD,Marie,Moonlight Cast,general_lyric_history,7a311dec8879
69caDxL5ujo,2025-11-22T13:01:43Z,[Project SD] Marie x Sally - 'MYSTERY SHOP',https://www.youtube.com/watch?v=69caDxL5ujo,EN,38.7,yes,63,29.51,Project SD,Marie | Sally,MYSTERY SHOP,idol_pop_hook,8348a65c6ad1
DTv6e7FHESw,2025-11-22T12:24:09Z,[Project SD] Marie - 'Sneak Eyes',https://www.youtube.com/watch?v=DTv6e7FHESw,EN,54.6,yes,60,25.85,Project SD,Marie,Sneak Eyes,idol_pop_hook,412c80cd982c
rSE-SMvplAA,2025-11-22T11:49:00Z,[Project SD] Marie - 'Rolling Star!',https://www.youtube.com/watch?v=rSE-SMvplAA,EN,52.0,yes,66,26.35,Project SD,Marie,Rolling Star!,general_lyric_history,da43f7bab53c
2BXatgh3kRM,2025-11-22T07:05:24Z,[Project SD] Marie - 'LIMIT BREAK! NYA-!',https://www.youtube.com/watch?v=2BXatgh3kRM,EN,53.4,yes,64,25.89,Project SD,Marie,LIMIT BREAK! NYA-!,general_lyric_history,597816d44208
auMvQ9aq1ng,2025-11-22T04:32:16Z,[Project SD] Marie - 'Lucky Dice',https://www.youtube.com/watch?v=auMvQ9aq1ng,EN,52.9,yes,60,29.05,Project SD,Marie,Lucky Dice,general_lyric_history,41e97467a0e9
dbCgZ8GRGy4,2025-11-21T16:54:39Z,[Bongnam's IM-ERGENCY] Park Bongnam - 'CANNONBALL EXPRESS',https://www.youtube.com/watch?v=dbCgZ8GRGy4,EN,52.7,yes,71,28.49,Bongnam's IM-ERGENCY,Park Bongnam,s IM-ERGENCY] Park Bongnam - ,general_lyric_history,c094ae6138a0
BTv53Miy4Ks,2025-11-21T12:08:18Z,[Bongnam's IM-ERGENCY] Park Bongnam - 'PANIC OVERLOAD!',https://www.youtube.com/watch?v=BTv53Miy4Ks,EN,48.8,yes,58,25.67,Bongnam's IM-ERGENCY,Park Bongnam,s IM-ERGENCY] Park Bongnam - ,general_lyric_history,5bd8e6152224
6lkONF7CWEI,2025-11-20T16:29:37Z,[Bongnam's IM-ERGENCY] Park Bongnam - 'CONFESSION TIME!',https://www.youtube.com/watch?v=6lkONF7CWEI,EN,47.1,yes,58,29.59,Bongnam's IM-ERGENCY,Park Bongnam,s IM-ERGENCY] Park Bongnam - ,general_lyric_history,5e18b62525dc
ebpt-GBX9Z8,2025-11-20T12:30:08Z,[Bongnam's IM-ERGENCY] Park Bongnam - 'JUNGLE RUMBLE!',https://www.youtube.com/watch?v=ebpt-GBX9Z8,EN,45.2,yes,63,35.63,Bongnam's IM-ERGENCY,Park Bongnam,s IM-ERGENCY] Park Bongnam - ,general_lyric_history,c7f9fa569237
zVOOSyDuJDc,2025-11-19T16:43:44Z,[Bongnam's IM-ERGENCY] Park Bongnam - 'The Spy Who Loved The Noise',https://www.youtube.com/watch?v=zVOOSyDuJDc,EN,44.8,yes,64,32.66,Bongnam's IM-ERGENCY,Park Bongnam,s IM-ERGENCY] Park Bongnam - ,labor_work,d3ad71a4d425
0p8fTRBRSgU,2025-11-19T16:15:43Z,[Bongnam's IM-ERGENCY] Park Bongnam - 'Shopping War!',https://www.youtube.com/watch?v=0p8fTRBRSgU,EN,38.5,yes,66,29.91,Bongnam's IM-ERGENCY,Park Bongnam,s IM-ERGENCY] Park Bongnam - ,general_lyric_history,98064f3d8268
9RQQ0cmRcRE,2025-11-18T18:49:09Z,[Bongnam's IM-ERGENCY] Park Bongnam - 'The Villain's Disaster',https://www.youtube.com/watch?v=9RQQ0cmRcRE,EN,44.6,yes,63,33.46,Bongnam's IM-ERGENCY,Park Bongnam,s Disaster,general_lyric_history,3a1bdde11f4a
wv1s2YIfI5c,2025-11-18T17:13:41Z,[Bongnam's IM-ERGENCY] Park Bongnam - 'NEON SUGAR OVERDOSE!',https://www.youtube.com/watch?v=wv1s2YIfI5c,EN,46.3,yes,65,33.18,Bongnam's IM-ERGENCY,Park Bongnam,s IM-ERGENCY] Park Bongnam - ,idol_pop_hook,f233bf0f292f
UgXFG8C9-k4,2025-11-18T16:29:53Z,[Bongnam's IM-ERGENCY] Park Bongnam - 'Queen Of the Crash!',https://www.youtube.com/watch?v=UgXFG8C9-k4,EN,44.0,yes,66,33.76,Bongnam's IM-ERGENCY,Park Bongnam,s IM-ERGENCY] Park Bongnam - ,idol_pop_hook,7e5615252507
zDgO4N3bY80,2025-11-18T12:38:38Z,[Derville Pen is dead!] 젠슨x박봉남 - '나의 얼렁뚱땅 선배님',https://www.youtube.com/watch?v=zDgO4N3bY80,KR,55.0,yes,46,19.46,Derville Pen is dead!,젠슨 | 박봉남,나의 얼렁뚱땅 선배님,summer_heat | winter_christmas | rain_city | run_dance_motion | self_denial_rationalization,bc4020d2a031
wF0YDrngOuo,2025-11-16T14:43:10Z,[Derville Pen is dead!] 월콧x젠슨 - 'Break the Limit!',https://www.youtube.com/watch?v=wF0YDrngOuo,EN,61.4,yes,56,13.77,Derville Pen is dead!,월콧 | 젠슨,Break the Limit!,summer_heat | run_dance_motion | dark_cool,eb3ed73c3bf1
fjikLZoi_Q8,2025-11-12T15:29:40Z,레못맛소녀곰 입니다. 늘 감사드립니다. (From TEAM LEMOT. Thank you always.),https://www.youtube.com/watch?v=fjikLZoi_Q8,EN,53.8,yes,20,44.85,,레못맛소녀곰 입니다. 늘 감사드립니다.,,tender_comfort | labor_work,033158166cf9
CcWTtFfpb8s,2025-11-12T15:07:46Z,[레못맛소녀곰] 루크x박봉남 - 'Thank You!',https://www.youtube.com/watch?v=CcWTtFfpb8s,KR,56.8,yes,44,13.93,레못맛소녀곰,루크 | 박봉남,Thank You!,rain_city | run_dance_motion | self_denial_rationalization | tender_comfort,b7a505bc6f91
5qHwKsZtNDI,2025-11-11T17:34:26Z,"[Run Sarura Run!] 루크x테피 - '마녀가 상냥하게 '후' 불었을 뿐인데, 어째서 재투성이 소년이 불꽃놀이가 되어버린 걸까?'",https://www.youtube.com/watch?v=5qHwKsZtNDI,KR,57.0,yes,44,11.5,Run Sarura Run!,루크 | 테피," 불었을 뿐인데, 어째서 재투성이 소년이 불꽃놀이가 되어버린 걸까?",summer_heat | winter_christmas | rain_city | self_denial_rationalization | heroic_fantasy,ae6a1f1c5b10
y_Gob-nRmKg,2025-11-11T15:26:07Z,[Run Sarura Run!] 테피x크래더 - '우리 둘의 이야기',https://www.youtube.com/watch?v=y_Gob-nRmKg,KR,55.0,yes,29,20.55,Run Sarura Run!,테피 | 크래더,우리 둘의 이야기,cute_comedy | dark_cool | idol_pop_hook,b4347ed66d0f
8A8c3ji6QZ8,2025-11-11T12:39:09Z,[Run Sarura Run!] 루크x세리카 - '엇박자의 왈츠',https://www.youtube.com/watch?v=8A8c3ji6QZ8,KR,58.4,yes,44,12.84,Run Sarura Run!,루크 | 세리카,엇박자의 왈츠,winter_christmas | run_dance_motion | self_denial_rationalization | cute_comedy | heroic_fantasy,110978edcc8d
xrrvkM6fWiU,2025-11-10T15:04:00Z,[Run Sarura Run!] 세리카x레베카 - '11월의 편지',https://www.youtube.com/watch?v=xrrvkM6fWiU,KR,51.6,yes,37,12.51,Run Sarura Run!,세리카 | 레베카,11월의 편지,summer_heat | self_denial_rationalization | tender_comfort,bf7fa611ffb7
F7k0ym_gkks,2025-11-10T12:17:28Z,[Run Sarura Run!] 레베카x라이니 - '달콤한 거짓말',https://www.youtube.com/watch?v=F7k0ym_gkks,KR,66.8,yes,39,10.92,Run Sarura Run!,레베카 | 라이니,달콤한 거짓말,summer_heat | winter_christmas | self_denial_rationalization | tender_comfort | dark_cool,8ba6c539a45c
HahI6bR166U,2025-11-09T16:30:46Z,[Run Sarura Run!] 라이니?x령 - 'Perfect Crime',https://www.youtube.com/watch?v=HahI6bR166U,KR,55.0,yes,39,16.64,Run Sarura Run!,라이니? | 령,Perfect Crime,winter_christmas | rain_city | run_dance_motion | self_denial_rationalization | tender_comfort,b9d5475e216e
4s4UBEn8Rbs,2025-11-09T15:20:54Z,[Run Sarura Run!] 테피?x령 - 'Sixteen',https://www.youtube.com/watch?v=4s4UBEn8Rbs,KR,58.3,yes,36,12.94,Run Sarura Run!,테피? | 령,Sixteen,winter_christmas | rain_city | self_denial_rationalization | tender_comfort | dark_cool,6ab65645f65b
pTWiPDR065M,2025-11-09T11:00:23Z,[Run Sarura Run!] 세리카x테피 - 'Dust to Light',https://www.youtube.com/watch?v=pTWiPDR065M,KR,51.8,yes,33,11.64,Run Sarura Run!,세리카 | 테피,Dust to Light,summer_heat | winter_christmas | self_denial_rationalization | heroic_fantasy | dark_cool,2db384c8df3f
C2ib-psAIl8,2025-11-09T04:34:21Z,[Run Sarura Run!] 샐리x레베카 - '솔트 아이스크림과 회전목마',https://www.youtube.com/watch?v=C2ib-psAIl8,KR,55.0,yes,50,12.6,Run Sarura Run!,샐리 | 레베카,솔트 아이스크림과 회전목마,summer_heat | rain_city | run_dance_motion | self_denial_rationalization | cute_comedy,cd3da26127db
zWMGckmi4Hw,2025-11-08T16:06:56Z,[Run Sarura Run!] 마리x카샤스 - '그럼 난 어때?',https://www.youtube.com/watch?v=zWMGckmi4Hw,KR,59.3,yes,35,17.23,Run Sarura Run!,마리 | 카샤스,그럼 난 어때?,winter_christmas | self_denial_rationalization | cute_comedy | dark_cool,ff8d097597bb
1iY-INbV7H4,2025-11-08T13:51:06Z,[Run Sarura Run!] 마리x크래더 - '세상에서 제일 무거운 너',https://www.youtube.com/watch?v=1iY-INbV7H4,KR,55.0,yes,51,17.96,Run Sarura Run!,마리 | 크래더,세상에서 제일 무거운 너,summer_heat | rain_city | run_dance_motion | cute_comedy | tender_comfort,fa20bc5ccc30
yHKnTMlrHZs,2025-11-08T12:41:34Z,"[Derville Pen is dead!] 박봉남x웰링 - '티이나 해, 일발!'",https://www.youtube.com/watch?v=yHKnTMlrHZs,KR,55.7,yes,46,15.87,Derville Pen is dead!,박봉남 | 웰링,"티이나 해, 일발!",summer_heat | rain_city | run_dance_motion | self_denial_rationalization | cute_comedy,6b5bcaf85a21
ujgG7JHSEUs,2025-11-07T14:01:57Z,[Run Sarura Run!] 세리카?x령 - '균열 속의 무결점',https://www.youtube.com/watch?v=ujgG7JHSEUs,KR,61.4,yes,33,16.61,Run Sarura Run!,세리카? | 령,균열 속의 무결점,winter_christmas | run_dance_motion | self_denial_rationalization | heroic_fantasy | tender_comfort,4e3ffa0c4990
mY7psOekivw,2025-11-06T13:30:41Z,[Derville Pen is dead!] 박봉남xSis.Una - '방구석 아이돌',https://www.youtube.com/watch?v=mY7psOekivw,KR,36.1,yes,56,21.75,Derville Pen is dead!,박봉남 | Sis.Una,방구석 아이돌,winter_christmas | rain_city | run_dance_motion | self_denial_rationalization | cute_comedy,5b8c16dab7f0
cGStKBQURWg,2025-11-02T07:28:58Z,"[Run Sarura Run!] 테피x체니 - '한 걸음, 반 걸음'",https://www.youtube.com/watch?v=cGStKBQURWg,KR,44.6,yes,57,17.74,Run Sarura Run!,테피 | 체니,"한 걸음, 반 걸음",summer_heat | rain_city | run_dance_motion | self_denial_rationalization | cute_comedy,2e0572f55f22
lQ1R1PXRx-w,2025-11-02T04:28:54Z,[Derville Pen is dead!] 월콧x미첼 - 'Mr. & Ms.',https://www.youtube.com/watch?v=lQ1R1PXRx-w,KR,58.5,yes,61,16.25,Derville Pen is dead!,월콧 | 미첼,Mr. & Ms.,winter_christmas | rain_city | self_denial_rationalization | tender_comfort | dark_cool,37fa5ea9beec
PGxprAxiVOM,2025-11-01T15:45:58Z,"[Run Sarura Run!] 세리카x체니 - '안녕하세요, 혼돈!'",https://www.youtube.com/watch?v=PGxprAxiVOM,KR,57.5,yes,53,15.55,Run Sarura Run!,세리카 | 체니,"안녕하세요, 혼돈!",winter_christmas | rain_city | run_dance_motion | self_denial_rationalization | cute_comedy,602182b17697
jf1hj95nOqE,2025-11-01T11:54:29Z,[Run Sarura Run!] 라이니x테피 - '쟤 말 듣지 마!',https://www.youtube.com/watch?v=jf1hj95nOqE,KR,55.0,yes,33,18,Run Sarura Run!,라이니 | 테피,쟤 말 듣지 마!,winter_christmas | rain_city | self_denial_rationalization | cute_comedy | tender_comfort,00c291e30b51
NPTd6iHn0Hs,2025-11-01T08:06:41Z,[Derville Pen is dead!] 웰링x올레그 - '광란의 축복교본 제 6장',https://www.youtube.com/watch?v=NPTd6iHn0Hs,KR,55.7,yes,44,16.73,Derville Pen is dead!,웰링 | 올레그,광란의 축복교본 제 6장,rain_city | self_denial_rationalization | heroic_fantasy | tender_comfort,542478081074
LeYrrlyxc-o,2025-10-30T16:05:02Z,[Derville Pen is dead!] 박봉남x현암 (feat. Sis Tatoo) - '김치찌개' (Ver. Demo),https://www.youtube.com/watch?v=LeYrrlyxc-o,KR,38.3,yes,49,27.92,Derville Pen is dead!,박봉남 | 현암,김치찌개,winter_christmas | rain_city | run_dance_motion | self_denial_rationalization | cute_comedy,b09b9d701f0c
X8dNzLJVPCg,2025-10-29T17:20:03Z,[Run Sarura Run!] 네르x테피 - '너라는 정원',https://www.youtube.com/watch?v=X8dNzLJVPCg,KR,55.0,yes,23,19.43,Run Sarura Run!,네르 | 테피,너라는 정원,summer_heat | winter_christmas | rain_city | self_denial_rationalization | heroic_fantasy,3a3fcb9e0198
lxPz2YlpODE,2025-10-28T18:19:43Z,[FMM] Park Bongnam - 'Ground and Pound!',https://www.youtube.com/watch?v=lxPz2YlpODE,EN,49.3,yes,99,26.21,FMM,Park Bongnam,Ground and Pound!,rain_city | run_dance_motion | self_denial_rationalization | heroic_fantasy | dark_cool,a51c3b7d8bb5
H6XlO6lyAkc,2025-10-28T17:13:15Z,[Run Sarura Run!] 루크x샐리 - '연애AI: CHAT S.P.T. (Sally's Personal Tips)',https://www.youtube.com/watch?v=H6XlO6lyAkc,KR,42.7,yes,27,40.07,Run Sarura Run!,루크 | 샐리,연애AI: CHAT S.P.T. (Sally,winter_christmas | rain_city | self_denial_rationalization | cute_comedy | heroic_fantasy,0a3cea3e6dd0
FNoeeA9sBCU,2025-10-28T15:22:56Z,[Run Sarura Run!] 레베카x체니 - '토끼 혁명! (Bunny Revolution!)',https://www.youtube.com/watch?v=FNoeeA9sBCU,KR,53.2,yes,39,19.1,Run Sarura Run!,레베카 | 체니,토끼 혁명! (Bunny Revolution!),summer_heat | winter_christmas | rain_city | run_dance_motion | self_denial_rationalization,866ee25fb98c
194uL2B_e1c,2025-10-27T18:45:51Z,[Run Sarura Run!] 라이니x세리카 - 'Velvet Lullaby',https://www.youtube.com/watch?v=194uL2B_e1c,KR,63.4,yes,43,10.79,Run Sarura Run!,라이니 | 세리카,Velvet Lullaby,winter_christmas | self_denial_rationalization | tender_comfort | dark_cool,1d3db23818d0
DgpABE8VKIM,2025-10-26T15:00:41Z,[Run Sarura Run!] 루크x체니 - '봄비다!',https://www.youtube.com/watch?v=DgpABE8VKIM,KR,52.0,yes,54,23.13,Run Sarura Run!,루크 | 체니,봄비다!,summer_heat | winter_christmas | rain_city | run_dance_motion | self_denial_rationalization,afa7e4eec93b
ziCBvkirqtc,2025-10-26T10:33:31Z,[Derville Pen is dead!] 박봉남xSis Tatoo - '99와 100의 사이',https://www.youtube.com/watch?v=ziCBvkirqtc,KR,62.7,yes,47,19.94,Derville Pen is dead!,박봉남 | Sis Tatoo,99와 100의 사이,self_denial_rationalization | tender_comfort,50b7de70a813
_15iKXNY0i8,2025-10-26T05:28:00Z,[Run Sarura Run!] 레베카?x령 - '두근두근☆오작동!',https://www.youtube.com/watch?v=_15iKXNY0i8,KR,60.7,yes,94,10.87,Run Sarura Run!,레베카? | 령,두근두근☆오작동!,summer_heat | winter_christmas | rain_city | run_dance_motion | self_denial_rationalization,24b577b0eef3
vXLp-JsuG6c,2025-10-25T17:28:19Z,[Run Sarura Run!] 네르x크래더 - '딸기 쇼트 케이크',https://www.youtube.com/watch?v=vXLp-JsuG6c,KR,58.0,yes,43,16.77,Run Sarura Run!,네르 | 크래더,딸기 쇼트 케이크,winter_christmas | self_denial_rationalization | heroic_fantasy,28539b272719
Bm_O934wXJM,2025-10-25T12:17:54Z,[Run Sarura Run!] 세리카x네르 - '얼음의 첫 숨결',https://www.youtube.com/watch?v=Bm_O934wXJM,KR,58.8,yes,48,14.33,Run Sarura Run!,세리카 | 네르,얼음의 첫 숨결,summer_heat | winter_christmas | run_dance_motion | cute_comedy | tender_comfort,cc799f5ecdf9
a4KeGIUpHGM,2025-10-24T17:03:17Z,"[Run Sarura Run!] 네르x레베카 - '그 해, 겨울바다'",https://www.youtube.com/watch?v=a4KeGIUpHGM,KR,55.0,yes,39,16.59,Run Sarura Run!,네르 | 레베카,"그 해, 겨울바다",summer_heat | winter_christmas | self_denial_rationalization | heroic_fantasy | tender_comfort,4a113aa69fbe
lrQibs6VHn0,2025-10-24T14:34:42Z,[Run Sarura Run!] 크래더?x령 - 'Work! Work! Ningen!',https://www.youtube.com/watch?v=lrQibs6VHn0,KR,60.8,yes,68,22.68,Run Sarura Run!,크래더? | 령,Work! Work! Ningen!,rain_city | run_dance_motion | self_denial_rationalization | heroic_fantasy | labor_work,6e3b55d02b9d
4DqfND4zZpg,2025-10-23T18:39:26Z,[Run Sarura Run!] 마리x라이니 - 'Midnight Chase',https://www.youtube.com/watch?v=4DqfND4zZpg,KR,57.8,yes,45,21.22,Run Sarura Run!,마리 | 라이니,Midnight Chase,summer_heat | winter_christmas | rain_city | run_dance_motion | self_denial_rationalization,5952dc2f618b
c0op8PlDLW0,2025-10-23T17:10:23Z,"[Derville Pen is dead!] 마르티나x현암 - '그래요, Ahxie'",https://www.youtube.com/watch?v=c0op8PlDLW0,KR,53.3,yes,41,23.46,Derville Pen is dead!,마르티나 | 현암,"그래요, Ahxie",rain_city | self_denial_rationalization | cute_comedy | heroic_fantasy | dark_cool,7605afce7647
1GaKc6idfn0,2025-10-23T14:55:51Z,"[Run Sarura Run!] 샐리x세리카 - '너, Hoxy?'",https://www.youtube.com/watch?v=1GaKc6idfn0,KR,50.2,yes,31,30.45,Run Sarura Run!,샐리 | 세리카,"너, Hoxy?",rain_city | self_denial_rationalization | cute_comedy | dark_cool | idol_pop_hook,23d784fb9374
luITcZl6cwQ,2025-10-23T11:30:12Z,[Run Sarura Run!] 마리?x령 - 'Red Dot! Red Dot!',https://www.youtube.com/watch?v=luITcZl6cwQ,KR,57.4,yes,40,22.27,Run Sarura Run!,마리? | 령,Red Dot! Red Dot!,winter_christmas | rain_city | self_denial_rationalization | cute_comedy | tender_comfort,f85dd1356079
eT_LH2RuKX8,2025-10-22T19:08:33Z,[Run Sarura Run!] 루크?x령 - '삐빅☆ 내 마음은 Error!',https://www.youtube.com/watch?v=eT_LH2RuKX8,KR,58.7,yes,49,22.2,Run Sarura Run!,루크? | 령,삐빅☆ 내 마음은 Error!,winter_christmas | rain_city | run_dance_motion | self_denial_rationalization | cute_comedy,5ccbe9cc1bfe
EDP9f9LJWjI,2025-10-22T17:03:08Z,[Derville Pen is dead!] 월콧x올레그 - '저 놈 잡아라!',https://www.youtube.com/watch?v=EDP9f9LJWjI,KR,60.7,yes,53,15.6,Derville Pen is dead!,월콧 | 올레그,저 놈 잡아라!,winter_christmas | rain_city | run_dance_motion | self_denial_rationalization | cute_comedy,5d126ef5ef32
eMDpFGrz3b8,2025-10-22T16:53:12Z,[Derville Pen is dead!] 미첼xSis. Una - 'Ghosts in the City',https://www.youtube.com/watch?v=eMDpFGrz3b8,KR,60.0,yes,27,18.78,Derville Pen is dead!,미첼 | Sis. Una,Ghosts in the City,summer_heat | rain_city | run_dance_motion | dark_cool | idol_pop_hook,d939ec20b5d1
7ofZ2TN0YuU,2025-10-22T12:45:44Z,[Run Sarura Run!] 레베카x테피 - '겨울 창가의 코코아',https://www.youtube.com/watch?v=7ofZ2TN0YuU,KR,57.3,yes,38,21.29,Run Sarura Run!,레베카 | 테피,겨울 창가의 코코아,summer_heat | winter_christmas | rain_city | self_denial_rationalization | heroic_fantasy,d65848baacf2
3iiPZammyVU,2025-10-21T16:02:54Z,[Derville Pen is dead!] 마르티나x미첼 - '시그널',https://www.youtube.com/watch?v=3iiPZammyVU,KR,59.1,yes,44,19.23,Derville Pen is dead!,마르티나 | 미첼,시그널,summer_heat | winter_christmas | rain_city | run_dance_motion | cute_comedy,8862e31555b1
fVwVOtLcTN8,2025-10-21T13:59:44Z,[Run Sarura Run!] 네르x체니 - 'Volume Max!',https://www.youtube.com/watch?v=fVwVOtLcTN8,KR,61.0,yes,36,21.33,Run Sarura Run!,네르 | 체니,Volume Max!,summer_heat | rain_city | run_dance_motion | heroic_fantasy | idol_pop_hook,4456adacd542
eWQAqd3nkIw,2025-10-21T12:24:51Z,[Derville Pen is dead!] Sis. Una x Sis Tatoo - '궤도 (The Orbit)',https://www.youtube.com/watch?v=eWQAqd3nkIw,KR,62.1,yes,34,12.59,Derville Pen is dead!,Sis. Una | Sis Tatoo,궤도 (The Orbit),winter_christmas | run_dance_motion | self_denial_rationalization | tender_comfort | dark_cool,f14206d6ad83
EiYs0PmVg1Q,2025-10-21T11:36:15Z,[Run Sarura Run!] 라이니x체니 - '직선광란(直線狂亂)',https://www.youtube.com/watch?v=EiYs0PmVg1Q,KR,56.9,yes,34,20.79,Run Sarura Run!,라이니 | 체니,직선광란(直線狂亂),winter_christmas | run_dance_motion | self_denial_rationalization | cute_comedy | tender_comfort,2ed6e42d4475
fOWtbW9X17k,2025-10-20T15:09:09Z,[Run Sarura Run!] 체니x샐리 - '응~ 그게 진짜 재밌지',https://www.youtube.com/watch?v=fOWtbW9X17k,KR,56.1,yes,51,17.67,Run Sarura Run!,체니 | 샐리,응~ 그게 진짜 재밌지,summer_heat | rain_city | self_denial_rationalization | cute_comedy | tender_comfort,3d176342bd78
Wyrq_7ULWoc,2025-10-19T19:35:04Z,[Derville Pen is dead!] 마르티나x월콧 - '열정과 도발사이',https://www.youtube.com/watch?v=Wyrq_7ULWoc,KR,56.8,yes,34,16.97,Derville Pen is dead!,마르티나 | 월콧,열정과 도발사이,summer_heat | rain_city | self_denial_rationalization | dark_cool,ac1c430cfe34
advISUn4OkQ,2025-10-19T17:31:01Z,[Derville Pen is dead!] 유진x젠슨 - '내일의 나에게',https://www.youtube.com/watch?v=advISUn4OkQ,KR,63.6,yes,63,11.76,Derville Pen is dead!,유진 | 젠슨,내일의 나에게,summer_heat | winter_christmas | run_dance_motion | self_denial_rationalization | tender_comfort,628fff60c864
57pIx7mQTgk,2025-10-19T16:28:30Z,[Derville Pen is dead!] 유진x현암 - '달 겁나 밝네',https://www.youtube.com/watch?v=57pIx7mQTgk,KR,55.5,yes,44,15.36,Derville Pen is dead!,유진 | 현암,달 겁나 밝네,winter_christmas | rain_city | self_denial_rationalization | cute_comedy | heroic_fantasy,1cf63a03e021
dAMLO7SF0bU,2025-10-19T14:38:11Z,[Derville Pen is dead!] 웰링x월콧 - 'The First Mission',https://www.youtube.com/watch?v=dAMLO7SF0bU,KR,60.0,yes,68,17.68,Derville Pen is dead!,웰링 | 월콧,The First Mission,winter_christmas | rain_city | run_dance_motion | self_denial_rationalization | dark_cool,642954b28b36
UQ0NZXsXGwk,2025-10-18T19:53:03Z,"[Run Sarura Run!] 라이니x루크 - 'My Prince? Oh, My Queen!'",https://www.youtube.com/watch?v=UQ0NZXsXGwk,KR,57.1,yes,62,17.6,Run Sarura Run!,라이니 | 루크,"My Prince? Oh, My Queen!",rain_city | cute_comedy | heroic_fantasy | tender_comfort | dark_cool,3da4ec723ecf
XAKKyHkx3BY,2025-10-18T17:26:03Z,[Run Sarura Run!] 네르x샐리 - '꼰대 아가씨',https://www.youtube.com/watch?v=XAKKyHkx3BY,KR,59.3,yes,49,18.57,Run Sarura Run!,네르 | 샐리,꼰대 아가씨,summer_heat | rain_city | self_denial_rationalization | cute_comedy | heroic_fantasy,33b1d6eddd44
r9fG2aD-LUk,2025-10-18T14:47:05Z,[Run Sarura Run!] 루크x네르 - '프리즘 스펙트럼(Prism Spectrum)',https://www.youtube.com/watch?v=r9fG2aD-LUk,KR,59.5,yes,53,12,Run Sarura Run!,루크 | 네르,프리즘 스펙트럼(Prism Spectrum),summer_heat | winter_christmas | run_dance_motion | tender_comfort | dark_cool,e4e488603814
13DFOtpCbqY,2025-10-18T09:51:26Z,[Run Sarura Run!] 마리x세리카 - '별빛 고양이',https://www.youtube.com/watch?v=13DFOtpCbqY,KR,56.0,yes,31,20.26,Run Sarura Run!,마리 | 세리카,별빛 고양이,summer_heat | winter_christmas | run_dance_motion | self_denial_rationalization | tender_comfort,967fcac89974
f7XSdASbFwg,2025-10-18T08:41:45Z,[Derville Pen is dead!] 현암x미첼 (feat. Sis Tatoo) - '고해성사',https://www.youtube.com/watch?v=f7XSdASbFwg,KR,47.8,yes,64,21.31,Derville Pen is dead!,현암 | 미첼,고해성사,winter_christmas | rain_city | heroic_fantasy | tender_comfort | dark_cool,16748ac79b73
f8thKs8CWSQ,2025-10-17T17:22:43Z,"[Derville Pen is dead!] 미첼x타라한 - '미첼, 호랑이 그리고 고물갑옷'",https://www.youtube.com/watch?v=f8thKs8CWSQ,KR,58.9,yes,31,15.74,Derville Pen is dead!,미첼 | 타라한,"미첼, 호랑이 그리고 고물갑옷",summer_heat | rain_city | self_denial_rationalization | heroic_fantasy | tender_comfort,33494b880e75
QLGIWohV4B8,2025-10-17T14:34:19Z,[Derville Pen is dead!] 마르티나x유진 - 'Fiesta! No Siesta!',https://www.youtube.com/watch?v=QLGIWohV4B8,KR,57.4,yes,51,16.92,Derville Pen is dead!,마르티나 | 유진,Fiesta! No Siesta!,summer_heat | winter_christmas | rain_city | run_dance_motion | self_denial_rationalization,a8b314b30347
YIy51CCZXdk,2025-10-16T18:00:29Z,[Run Sarura Run!] 령x네르? - '프로토콜 : 증명',https://www.youtube.com/watch?v=YIy51CCZXdk,KR,58.5,yes,43,19.12,Run Sarura Run!,령 | 네르?,프로토콜 : 증명,winter_christmas | rain_city | cute_comedy | tender_comfort,bcd9fe76d3be
2LtAXpzPkp4,2025-10-16T17:04:30Z,[Run Sarura Run!] 라이니x네르 - 'Cake in the Trap',https://www.youtube.com/watch?v=2LtAXpzPkp4,KR,60.2,yes,33,21.45,Run Sarura Run!,라이니 | 네르,Cake in the Trap,summer_heat | winter_christmas | rain_city | run_dance_motion | self_denial_rationalization,c5727d264f68
97Saw6EbB3o,2025-10-15T17:18:22Z,"[""이것은 망했습니다"" 시리즈] : [Derville Pen is dead!] 유진x월콧 - '일어나세요 용사님'",https://www.youtube.com/watch?v=97Saw6EbB3o,KR,56.0,yes,39,15.18,"""이것은 망했습니다"" 시리즈 | Derville Pen is dead!",: 유진 | 월콧,일어나세요 용사님,winter_christmas | rain_city | self_denial_rationalization | cute_comedy | heroic_fantasy,710a3ee2eb67
sFZ-6YsVs_M,2025-10-14T16:37:13Z,[Run Sarura Run!] 샐리x령 - '사라진 기억 (The Blackout Tapes)',https://www.youtube.com/watch?v=sFZ-6YsVs_M,KR,55.0,yes,55,21.93,Run Sarura Run!,샐리 | 령,사라진 기억 (The Blackout Tapes),winter_christmas | run_dance_motion | self_denial_rationalization | cute_comedy | tender_comfort,004c14f508d0
OM16KTjRbTA,2025-10-13T17:04:54Z,[Derville Pen is dead!] 미첼x박봉남 - '사랑도 오역이 되나요?',https://www.youtube.com/watch?v=OM16KTjRbTA,KR,55.3,yes,65,20.6,Derville Pen is dead!,미첼 | 박봉남,사랑도 오역이 되나요?,winter_christmas | rain_city | self_denial_rationalization | cute_comedy,bc6be5c8f57c
YuH2Oqv5lTo,2025-10-12T19:06:24Z,[메이킹필름] [Run Sarura Run!] 마리x샐리 - '마녀의 레시피',https://www.youtube.com/watch?v=YuH2Oqv5lTo,KR,0,no_or_needs_manual_review,0,0,메이킹필름 | Run Sarura Run!,마리 | 샐리,마녀의 레시피,heroic_fantasy,e3b0c44298fc
rMbK0-M5_0U,2025-10-12T16:13:15Z,[Derville Pen is dead!] 마르티나x박봉남 - '여우와 벌새',https://www.youtube.com/watch?v=rMbK0-M5_0U,KR,53.3,yes,46,23.09,Derville Pen is dead!,마르티나 | 박봉남,여우와 벌새,summer_heat | rain_city | run_dance_motion | self_denial_rationalization | cute_comedy,87b843f607a1
Lx47C16wcoY,2025-10-12T05:59:41Z,[Derville Pen is dead!] Sis. Una - '잿빛 정원',https://www.youtube.com/watch?v=Lx47C16wcoY,KR,60.0,yes,24,16.79,Derville Pen is dead!,Sis. Una,잿빛 정원,summer_heat | tender_comfort | dark_cool,81dca4dbadd2
XC8ERTuIY-g,2025-10-11T18:04:05Z,[Derville Pen is dead!] Sis Tatoo - 'God Knows',https://www.youtube.com/watch?v=XC8ERTuIY-g,KR,55.0,yes,33,16.48,Derville Pen is dead!,Sis Tatoo,God Knows,summer_heat | winter_christmas | heroic_fantasy | tender_comfort | dark_cool,53e0c6da1302
Mh5zOdUKP_A,2025-10-11T15:16:13Z,[Derville Pen is dead!] 올레그x젠슨 - '연가(戀歌)',https://www.youtube.com/watch?v=Mh5zOdUKP_A,KR,55.0,yes,30,17.23,Derville Pen is dead!,올레그 | 젠슨,연가(戀歌),self_denial_rationalization | cute_comedy | tender_comfort,877dd44215f3
E5RqGrFpb1o,2025-10-10T19:18:25Z,"[""이것은 망했습니다"" 시리즈] : [Run Sarura Run!] 체니x령 - '와장창!'",https://www.youtube.com/watch?v=E5RqGrFpb1o,KR,60.8,yes,38,14.34,"""이것은 망했습니다"" 시리즈 | Run Sarura Run!",: 체니 | 령,와장창!,self_denial_rationalization | cute_comedy | idol_pop_hook,b84cacf533c6
LOGn7xostlI,2025-10-10T17:34:24Z,레못맛소녀곰 입니다. 감사인사 드립니다.,https://www.youtube.com/watch?v=LOGn7xostlI,KR,41.7,yes,39,29,,레못맛소녀곰 입니다. 감사인사 드립니다.,,rain_city | self_denial_rationalization | cute_comedy | heroic_fantasy | tender_comfort,3cbd86ef5e6e
L9VEhEWCxSE,2025-10-09T17:20:49Z,[Derville Pen is dead!] 박봉남x타라한 - 'The One and Only Trinity',https://www.youtube.com/watch?v=L9VEhEWCxSE,EN,57.4,yes,62,21.42,Derville Pen is dead!,박봉남 | 타라한,The One and Only Trinity,winter_christmas | rain_city | self_denial_rationalization | heroic_fantasy | idol_pop_hook,099f9ee7fc49
CDnDSuaTGTg,2025-10-09T09:48:13Z,[Run Sarura Run!] 루크x크래더 - '소파 위의 VIBE',https://www.youtube.com/watch?v=CDnDSuaTGTg,KR,56.8,yes,51,17.84,Run Sarura Run!,루크 | 크래더,소파 위의 VIBE,rain_city | run_dance_motion | self_denial_rationalization | cute_comedy | tender_comfort,c687e18d682d
a8q6j-T-Vw8,2025-10-09T04:11:51Z,[Derville Pen is dead!] 현암x월콧 - '매일 하루살이',https://www.youtube.com/watch?v=a8q6j-T-Vw8,KR,56.4,yes,44,18.07,Derville Pen is dead!,현암 | 월콧,매일 하루살이,winter_christmas | rain_city | run_dance_motion | self_denial_rationalization | tender_comfort,319794b70ace
js6j3PHZxKo,2025-10-08T19:09:45Z,"[Run Sarura Run!] 벨로나, 에이미 - '작전명 : 쟤네 좀 붙여놔'",https://www.youtube.com/watch?v=js6j3PHZxKo,KR,56.9,yes,48,16.15,Run Sarura Run!,벨로나 | 에이미,작전명 : 쟤네 좀 붙여놔,summer_heat | winter_christmas | rain_city | self_denial_rationalization | cute_comedy,63a99141a0a2
z59YPrjvuaU,2025-10-08T13:39:44Z,[Run Sarura Run!] 마리x샐리 - '마녀의 레시피',https://www.youtube.com/watch?v=z59YPrjvuaU,KR,55.0,yes,37,18.16,Run Sarura Run!,마리 | 샐리,마녀의 레시피,summer_heat | winter_christmas | rain_city | run_dance_motion | self_denial_rationalization,69c79a5acc04
cnZQuBe10vM,2025-10-08T05:00:29Z,[Run Sarura Run!] 테피x마리 - '정답 없는 질문',https://www.youtube.com/watch?v=cnZQuBe10vM,KR,55.0,yes,33,18.79,Run Sarura Run!,테피 | 마리,정답 없는 질문,run_dance_motion | self_denial_rationalization | cute_comedy | heroic_fantasy | idol_pop_hook,476e4d83e441
K0kfNiqCfns,2025-10-07T18:55:07Z,[Derville Pen is dead!] 김갑수 - '흉터',https://www.youtube.com/watch?v=K0kfNiqCfns,KR,58.6,yes,58,17.22,Derville Pen is dead!,김갑수,흉터,self_denial_rationalization | heroic_fantasy,57f8e11ce78c
TC60rKb2YZk,2025-10-07T11:23:23Z,[Run Sarura Run!] 체니x령 - '로봇은 아니고 탱탱볼이 맞지 (A.K.A. R.A.T.M.)',https://www.youtube.com/watch?v=TC60rKb2YZk,KR,63.0,yes,41,14.29,Run Sarura Run!,체니 | 령,로봇은 아니고 탱탱볼이 맞지 (A.K.A. R.A.T.M.),summer_heat | run_dance_motion | self_denial_rationalization | cute_comedy | tender_comfort,9bbd9f1e2491
As9N5HQa3O4,2025-10-06T14:28:53Z,[Derville Pen is dead!] 박봉남x월콧 - '천국의 문을 두드리다',https://www.youtube.com/watch?v=As9N5HQa3O4,KR,70.0,yes,30,16.43,Derville Pen is dead!,박봉남 | 월콧,천국의 문을 두드리다,summer_heat | winter_christmas | rain_city | run_dance_motion | self_denial_rationalization,9e1105347651
aaVmBc8aOIc,2025-10-06T06:58:10Z,[Run Sarura Run!] 마리x레베카 - '여름의 문턱에서',https://www.youtube.com/watch?v=aaVmBc8aOIc,KR,59.7,yes,38,17.89,Run Sarura Run!,마리 | 레베카,여름의 문턱에서,summer_heat | winter_christmas | run_dance_motion | self_denial_rationalization | tender_comfort,2b6f82b32758
d2J3JpbLl64,2025-10-05T20:38:22Z,[Run Sarura Run!] 샐리x라이니 - '클럽 인페르노',https://www.youtube.com/watch?v=d2J3JpbLl64,KR,56.7,yes,36,19.47,Run Sarura Run!,샐리 | 라이니,클럽 인페르노,winter_christmas | rain_city | self_denial_rationalization | cute_comedy | dark_cool,bb46be79c87b
tAQdMlHdiEM,2025-10-05T13:40:26Z,[Run Sarura Run!] 마리x네르 - '문제지 위의 낙서',https://www.youtube.com/watch?v=tAQdMlHdiEM,KR,59.1,yes,44,17.66,Run Sarura Run!,마리 | 네르,문제지 위의 낙서,rain_city | self_denial_rationalization | tender_comfort,369283bd2063
aeQt9FdB9gQ,2025-10-05T07:16:55Z,[Run Sarura Run!] 체니x크래더 - '오늘은 신나는 명절',https://www.youtube.com/watch?v=aeQt9FdB9gQ,KR,59.3,yes,42,20,Run Sarura Run!,체니 | 크래더,오늘은 신나는 명절,rain_city | cute_comedy | heroic_fantasy | labor_work,84d288d98554
pucGbDmvjYM,2025-10-05T06:37:34Z,[Run Sarura Run!] 루크x레베카 - '너의 곁에선 괜찮아',https://www.youtube.com/watch?v=pucGbDmvjYM,KR,59.9,yes,49,10.92,Run Sarura Run!,루크 | 레베카,너의 곁에선 괜찮아,winter_christmas | rain_city | self_denial_rationalization | heroic_fantasy | tender_comfort,45359f94e5f0
808oup8e8m0,2025-10-04T11:56:40Z,[Run Sarura Run!] 샐리x크래더 - '네 남자친구에게 (Warning!)',https://www.youtube.com/watch?v=808oup8e8m0,KR,45.2,yes,45,20.09,Run Sarura Run!,샐리 | 크래더,네 남자친구에게 (Warning!),winter_christmas | self_denial_rationalization | cute_comedy | heroic_fantasy | dark_cool,765ddbd19413
jRgAI4Rvpe8,2025-10-04T04:26:01Z,[Run Sarura Run!] 마리x체니 - 'Playground!',https://www.youtube.com/watch?v=jRgAI4Rvpe8,EN,57.8,yes,46,21.48,Run Sarura Run!,마리 | 체니,Playground!,summer_heat | winter_christmas | run_dance_motion | self_denial_rationalization | heroic_fantasy,8a46784890d6
4gFbzM23t_s,2025-10-03T14:13:22Z,[Run Sarura Run!] 네르x카샤스 - '필승 율동교본 제 1장',https://www.youtube.com/watch?v=4gFbzM23t_s,KR,59.4,yes,41,16.85,Run Sarura Run!,네르 | 카샤스,필승 율동교본 제 1장,summer_heat | rain_city | heroic_fantasy | tender_comfort,b436db0b8418
tTQ66-2FueE,2025-10-03T12:47:23Z,"[Run Sarura Run!] 하더 - '항성, 마지막 항해'",https://www.youtube.com/watch?v=tTQ66-2FueE,KR,60.3,yes,45,20.18,Run Sarura Run!,하더,"항성, 마지막 항해",summer_heat | rain_city | heroic_fantasy | dark_cool,f6c2fdb55449
mW5yy95aGoQ,2025-10-03T09:46:32Z,[Run Sarura Run!] 라이니x크래더 - '진실게임',https://www.youtube.com/watch?v=mW5yy95aGoQ,KR,41.7,yes,63,19.05,Run Sarura Run!,라이니 | 크래더,진실게임,summer_heat | winter_christmas | rain_city | self_denial_rationalization | cute_comedy,1b9c6662113d
oF1lTbOK2AY,2025-10-02T18:04:11Z,[Run Sarura Run!] 샐리x테피 - '마녀들의 심야 라디오',https://www.youtube.com/watch?v=oF1lTbOK2AY,KR,64.5,yes,40,21.07,Run Sarura Run!,샐리 | 테피,마녀들의 심야 라디오,summer_heat | self_denial_rationalization | cute_comedy | heroic_fantasy | dark_cool,a69564151583
Hc0wn85-tz0,2025-10-02T16:25:47Z,[Derville Pen is dead!] 유진x박봉남 - '온도차',https://www.youtube.com/watch?v=Hc0wn85-tz0,KR,60.9,yes,61,11.26,Derville Pen is dead!,유진 | 박봉남,온도차,summer_heat | self_denial_rationalization | heroic_fantasy | tender_comfort,79571acad506
89cgNjWqC7Y,2025-10-01T16:57:01Z,[Derville Pen is dead!] 올레그x박봉남 - '하지 말라면 좀 하지 마!',https://www.youtube.com/watch?v=89cgNjWqC7Y,KR,55.0,yes,31,20.39,Derville Pen is dead!,올레그 | 박봉남,하지 말라면 좀 하지 마!,rain_city | self_denial_rationalization | heroic_fantasy | tender_comfort,2f5ff27afdca
Bz53AoWjV5s,2025-10-01T15:32:51Z,[Derville Pen is dead!] 유진x올레그 - '성기사의 품격',https://www.youtube.com/watch?v=Bz53AoWjV5s,KR,57.7,yes,47,21.7,Derville Pen is dead!,유진 | 올레그,성기사의 품격,summer_heat | winter_christmas | rain_city | self_denial_rationalization | cute_comedy,37e1280ab561
R4QLLK5Ty4M,2025-09-29T19:29:18Z,[Derville Pen is dead!] 현암x미첼 - '그나마 배운 애들의 잡담',https://www.youtube.com/watch?v=R4QLLK5Ty4M,KR,59.3,yes,121,21.01,Derville Pen is dead!,현암 | 미첼,그나마 배운 애들의 잡담,rain_city | self_denial_rationalization | heroic_fantasy | tender_comfort | labor_work,0befeba947bd
gvXM2WOF70o,2025-09-29T12:21:42Z,[Derville Pen is dead!] 미첼x젠슨 - 'Destino Desatino',https://www.youtube.com/watch?v=gvXM2WOF70o,EN,62.0,yes,102,29.32,Derville Pen is dead!,미첼 | 젠슨,Destino Desatino,winter_christmas | rain_city | self_denial_rationalization | cute_comedy | heroic_fantasy,1b6b21fb57ae
yzfYrf6htpk,2025-09-28T15:24:21Z,[Derville Pen is dead!] 현암x젠슨 - '마가밀댄스',https://www.youtube.com/watch?v=yzfYrf6htpk,KR,59.2,yes,85,22.31,Derville Pen is dead!,현암 | 젠슨,마가밀댄스,summer_heat | winter_christmas | rain_city | run_dance_motion | self_denial_rationalization,a683ce70dad2
6pouXtiuY_A,2025-09-28T14:39:33Z,[Derville Pen is dead!] 박봉남x월콧 - 'Attention! 지금부터 클린업 타임!',https://www.youtube.com/watch?v=6pouXtiuY_A,KR,62.2,yes,50,18.16,Derville Pen is dead!,박봉남 | 월콧,Attention! 지금부터 클린업 타임!,winter_christmas | rain_city | run_dance_motion | self_denial_rationalization | tender_comfort,a691237c5828
scDH5ribP_E,2025-09-20T18:12:12Z,[Run Sarura Run! 2기] 세리카 - '날개를 펼치는 꿈',https://www.youtube.com/watch?v=scDH5ribP_E,KR,59.7,yes,32,19.94,Run Sarura Run! 2기,세리카,날개를 펼치는 꿈,winter_christmas | rain_city | tender_comfort | dark_cool,31dfee46aa52
q2-sqH1xmzk,2025-09-20T17:28:56Z,"[Run Sarura Run! 2기] 카샤스 - '골치 아픈데, 끌리네'",https://www.youtube.com/watch?v=q2-sqH1xmzk,KR,61.1,yes,44,20.59,Run Sarura Run! 2기,카샤스,"골치 아픈데, 끌리네",summer_heat | winter_christmas | self_denial_rationalization | cute_comedy | tender_comfort,897515def883
Tu93g1x5x3w,2025-09-19T18:57:25Z,[Run Sarura Run! 2기] 라이니 - '레기스의 휴일',https://www.youtube.com/watch?v=Tu93g1x5x3w,KR,60.4,yes,39,17.85,Run Sarura Run! 2기,라이니,레기스의 휴일,summer_heat | winter_christmas | rain_city | run_dance_motion | self_denial_rationalization,9567eb879378
A1L8JrhALZM,2025-09-19T17:47:44Z,[Run Sarura Run! 2기] 령 - 'A.I.DOL 에코 ☆ 처음 인사드려요!',https://www.youtube.com/watch?v=A1L8JrhALZM,KR,56.9,yes,66,20.08,Run Sarura Run! 2기,령,A.I.DOL 에코 ☆ 처음 인사드려요!,summer_heat | rain_city | self_denial_rationalization | cute_comedy | dark_cool,d57bbb99d3dd
1ay4TIcQVFQ,2025-09-18T18:16:15Z,[Run Sarura Run! 2기] 체니 - '나의 진짜 필살기',https://www.youtube.com/watch?v=1ay4TIcQVFQ,KR,61.0,yes,41,17.15,Run Sarura Run! 2기,체니,나의 진짜 필살기,summer_heat | winter_christmas | run_dance_motion | self_denial_rationalization | cute_comedy,99984d0d3f3f
IL0AZYoCN3w,2025-09-18T17:01:25Z,[Run Sarura Run! 2기] 레베카 - '소금 사탕과 초콜릿 파르페',https://www.youtube.com/watch?v=IL0AZYoCN3w,KR,61.6,yes,32,19.88,Run Sarura Run! 2기,레베카,소금 사탕과 초콜릿 파르페,winter_christmas | self_denial_rationalization | cute_comedy | tender_comfort | idol_pop_hook,126509c90de9
QH5msTA28q4,2025-09-18T16:12:20Z,[Run Sarura Run! 2기] 네르 - '이상한 나라의 성기사',https://www.youtube.com/watch?v=QH5msTA28q4,KR,58.1,yes,39,21.9,Run Sarura Run! 2기,네르,이상한 나라의 성기사,summer_heat | heroic_fantasy | idol_pop_hook,3d0ec62e9603
LeObjtR8fWk,2025-09-18T08:17:48Z,"[Run Sarura Run! 2기] 루크 - '어쩌면, 아마도'",https://www.youtube.com/watch?v=LeObjtR8fWk,KR,59.9,yes,37,19.84,Run Sarura Run! 2기,루크,"어쩌면, 아마도",winter_christmas | rain_city | self_denial_rationalization | cute_comedy | heroic_fantasy,3986b36e14ef
gq0CAsfQad4,2025-09-17T18:12:45Z,[Run Sarura Run!] 루크x마리 - '슈뢰딩거의 고양이',https://www.youtube.com/watch?v=gq0CAsfQad4,KR,63.0,yes,49,20.24,Run Sarura Run!,루크 | 마리,슈뢰딩거의 고양이,summer_heat | winter_christmas | self_denial_rationalization | cute_comedy | heroic_fantasy,6a522cda1745
euyqgg3YeBY,2025-09-17T16:47:34Z,[Run Sarura Run! 2기] 마리 - '투명의 벽',https://www.youtube.com/watch?v=euyqgg3YeBY,KR,59.9,yes,37,20.41,Run Sarura Run! 2기,마리,투명의 벽,winter_christmas | rain_city | run_dance_motion | self_denial_rationalization | cute_comedy,45137aca1d24
gbivd0sooAM,2025-09-16T17:42:17Z,[Derville Pen is dead! 1기] 12.데.성.출.(Ver.웰링),https://www.youtube.com/watch?v=gbivd0sooAM,KR,58.6,yes,33,16.82,Derville Pen is dead! 1기,12.데.성.출.,,winter_christmas | rain_city | self_denial_rationalization | heroic_fantasy | tender_comfort,8ea94c5aa44e
4ZQL5KleEJA,2025-09-16T17:14:25Z,[Derville Pen is dead! 1기] 11.데.성.출.(Ver.타라한),https://www.youtube.com/watch?v=4ZQL5KleEJA,KR,52.6,yes,31,17.81,Derville Pen is dead! 1기,11.데.성.출.,,summer_heat | rain_city | self_denial_rationalization | cute_comedy | heroic_fantasy,f863caf44ba7
7tRPhWV2iCo,2025-09-16T15:15:50Z,[Derville Pen is dead! 1기] 태평성대로구나_10.데.성.출.(Ver.현암),https://www.youtube.com/watch?v=7tRPhWV2iCo,KR,54.4,yes,54,15.59,Derville Pen is dead! 1기,태평성대로구나_10.데.성.출.,,summer_heat | rain_city | self_denial_rationalization | heroic_fantasy | tender_comfort,4a636b04392e
VnU2BMFac5U,2025-09-15T18:07:49Z,[Derville Pen is dead! 1기] 분홍빛 강철의 벽_09.데.성.출.(Ver.젠슨),https://www.youtube.com/watch?v=VnU2BMFac5U,KR,57.4,yes,38,16.5,Derville Pen is dead! 1기,분홍빛 강철의 벽_09.데.성.출.,,summer_heat | winter_christmas | rain_city | cute_comedy | heroic_fantasy,aa0c88cfb7b8
O021H829Vfc,2025-09-15T16:15:28Z,"[Derville Pen is dead! 1기] Piecemaker_07.데.성.출. (Ver. Purgatrio, 웰링)",https://www.youtube.com/watch?v=O021H829Vfc,KR,60.5,yes,38,16.24,Derville Pen is dead! 1기,Piecemaker_07.데.성.출.,,winter_christmas | rain_city | self_denial_rationalization | heroic_fantasy | tender_comfort,1642ce691110
j4mPwTLC1EU,2025-09-15T15:47:52Z,[Derville Pen is dead! 1기]Divine Pickpocket_08.데.성.출.(Ver.월콧),https://www.youtube.com/watch?v=j4mPwTLC1EU,KR,58.8,yes,39,18.08,Derville Pen is dead! 1기,Divine Pickpocket_08.데.성.출.,,rain_city | self_denial_rationalization | cute_comedy | heroic_fantasy | tender_comfort,324b97bed093
1W1-287xCZs,2025-09-14T16:01:54Z,[Derville Pen is dead! 1기]이성의 레퀴엠_06.데.성.출.(Ver.올레그),https://www.youtube.com/watch?v=1W1-287xCZs,KR,58.9,yes,38,18.18,Derville Pen is dead! 1기,이성의 레퀴엠_06.데.성.출.,,rain_city | self_denial_rationalization | heroic_fantasy | idol_pop_hook | labor_work,adfb1a14d115
K2tTVfOQKcs,2025-09-14T11:38:31Z,[Run Sarura Run! 1기] 령 - 'Kernel Panic!',https://www.youtube.com/watch?v=K2tTVfOQKcs,KR,54.0,yes,50,22.26,Run Sarura Run! 1기,령,Kernel Panic!,summer_heat | winter_christmas | rain_city | cute_comedy | heroic_fantasy,741b2a7cd34a
tF6w5Rsubos,2025-09-13T18:47:21Z,[Run Sarura Run! 1기] 라이니 - '체크메이트',https://www.youtube.com/watch?v=tF6w5Rsubos,KR,55.0,yes,36,19.11,Run Sarura Run! 1기,라이니,체크메이트,summer_heat | winter_christmas | rain_city | run_dance_motion | self_denial_rationalization,ba73a4db8e3e
xMGYY3To1BU,2025-09-13T17:13:38Z,[Run Sarura Run! 1기] 크래더 - '백수 블루스',https://www.youtube.com/watch?v=xMGYY3To1BU,KR,60.0,yes,36,21.28,Run Sarura Run! 1기,크래더,백수 블루스,winter_christmas | run_dance_motion | self_denial_rationalization | tender_comfort,a1f92d5ec156
D6x-y79TXik,2025-09-13T16:58:03Z,[Run Sarura Run! 1기] 세리카 - '은하수 자장가',https://www.youtube.com/watch?v=D6x-y79TXik,KR,64.4,yes,35,16.49,Run Sarura Run! 1기,세리카,은하수 자장가,winter_christmas | self_denial_rationalization | tender_comfort | dark_cool | idol_pop_hook,343fb1786237
fW8jNu_ndXs,2025-09-13T15:29:21Z,[Run Sarura Run! 1기] 체니 - '최강! 이 몸! 등장!',https://www.youtube.com/watch?v=fW8jNu_ndXs,KR,60.3,yes,34,20.71,Run Sarura Run! 1기,체니,최강! 이 몸! 등장!,run_dance_motion | self_denial_rationalization | cute_comedy | heroic_fantasy | idol_pop_hook,d2fdcad3c69d
yG4ZvGzQ7SY,2025-09-13T11:41:07Z,[Run Sarura Run! 1기] 레베카 - '나의 작은 친구들',https://www.youtube.com/watch?v=yG4ZvGzQ7SY,KR,60.0,yes,42,18.88,Run Sarura Run! 1기,레베카,나의 작은 친구들,summer_heat | winter_christmas | rain_city | self_denial_rationalization | cute_comedy,9b085e728211
JxxwXNCV7xY,2025-09-12T18:22:01Z,[Run Sarura Run! 1기] 테피 - '당신의 손이 닿을 때',https://www.youtube.com/watch?v=JxxwXNCV7xY,KR,63.1,yes,37,18.54,Run Sarura Run! 1기,테피,당신의 손이 닿을 때,self_denial_rationalization | heroic_fantasy | tender_comfort,a7b38127f6db
gxlk-_kNuHc,2025-09-12T15:39:34Z,[Run Sarura Run! 1기] 루크 - '이상한 날들의 멜로디',https://www.youtube.com/watch?v=gxlk-_kNuHc,KR,72.1,yes,36,20.25,Run Sarura Run! 1기,루크,이상한 날들의 멜로디,rain_city | self_denial_rationalization | cute_comedy | heroic_fantasy | tender_comfort,7130d524cc25
2Pgs8ae-nQQ,2025-09-11T18:30:30Z,[Run Sarura Run! 1기] 네르 - '갑옷속의 아리아',https://www.youtube.com/watch?v=2Pgs8ae-nQQ,KR,70.3,yes,46,20.48,Run Sarura Run! 1기,네르,갑옷속의 아리아,summer_heat | run_dance_motion | self_denial_rationalization | heroic_fantasy | tender_comfort,673905a6800d
MX4yeffy0RM,2025-09-10T20:15:03Z,[Run Sarura Run! 1기] 마리 - '니가 제일 바보야!',https://www.youtube.com/watch?v=MX4yeffy0RM,KR,64.3,yes,37,22.59,Run Sarura Run! 1기,마리,니가 제일 바보야!,summer_heat | winter_christmas | rain_city | self_denial_rationalization | cute_comedy,9dd7623457b4
3UGOqSQwzPc,2025-09-10T19:33:02Z,"[Run Sarura Run! 2기] 샐리 - '인생은 실전이야, 꼬맹아!'",https://www.youtube.com/watch?v=3UGOqSQwzPc,KR,69.4,yes,41,18.05,Run Sarura Run! 2기,샐리,"인생은 실전이야, 꼬맹아!",winter_christmas | rain_city | run_dance_motion | self_denial_rationalization | cute_comedy,041f86cbef79
ghXKJ4JO8Mg,2025-09-09T19:23:01Z,[Run Sarura Run! 2기 ED] 오후의 티타임,https://www.youtube.com/watch?v=ghXKJ4JO8Mg,KR,68.9,yes,38,19.32,Run Sarura Run! 2기 ED,오후의 티타임,,summer_heat | winter_christmas | cute_comedy | heroic_fantasy | tender_comfort,9303be21d5fe
GRxK1hHXeMA,2025-09-09T15:25:02Z,[Run Sarura Run! 2기 OP] 내일의 팔레트,https://www.youtube.com/watch?v=GRxK1hHXeMA,KR,67.0,yes,45,15.36,Run Sarura Run! 2기 OP,내일의 팔레트,,summer_heat | winter_christmas | rain_city | run_dance_motion | self_denial_rationalization,7adda05c2ea8
zlbqjrEj7b0,2025-09-09T11:52:10Z,[Derville Pen is dead! 1기] My Lovely Nuisance_05.데.성.출.(Ver.마르티나),https://www.youtube.com/watch?v=zlbqjrEj7b0,KR,65.0,yes,47,21.28,Derville Pen is dead! 1기,My Lovely Nuisance_05.데.성.출.,,winter_christmas | self_denial_rationalization | cute_comedy | heroic_fantasy | tender_comfort,5ae93b38d1b4
aOfXtK67jeE,2025-09-08T17:44:03Z,[Derville Pen is dead! 1기] Ain't Gonna Work_03.데.성.출.(Ver.유진),https://www.youtube.com/watch?v=aOfXtK67jeE,KR,71.4,yes,47,19.21,Derville Pen is dead! 1기,Ain't Gonna Work_03.데.성.출.,,summer_heat | winter_christmas | rain_city | run_dance_motion | self_denial_rationalization,ea3af463d36a
lDD5jHBy9Oo,2025-09-08T17:00:39Z,[Derville Pen is dead! 1기] Stranger in the Night_04.데.성.출.(Ver.미첼),https://www.youtube.com/watch?v=lDD5jHBy9Oo,KR,66.9,yes,50,20.44,Derville Pen is dead! 1기,Stranger in the Night_04.데.성.출.,,summer_heat | winter_christmas | rain_city | self_denial_rationalization | cute_comedy,a90d5e22fa1d
oPt-u0QX19o,2025-09-06T19:12:23Z,[Derville Pen is dead! 1기] 02.데.성.출.(Ver.박봉남),https://www.youtube.com/watch?v=oPt-u0QX19o,KR,67.0,yes,60,19.5,Derville Pen is dead! 1기,02.데.성.출.,,summer_heat | winter_christmas | rain_city | run_dance_motion | self_denial_rationalization,c85b7d7a8143
j72so3UiaIo,2025-09-06T18:53:23Z,[Derville Pen is dead! 1기] 01.데.성.출.(Ver.월콧x젠슨x현암),https://www.youtube.com/watch?v=j72so3UiaIo,KR,68.3,yes,69,19.93,Derville Pen is dead! 1기,01.데.성.출.,,winter_christmas | rain_city | self_denial_rationalization | cute_comedy | heroic_fantasy,7c244e284091
mR1uyl4jB10,2025-09-06T17:22:49Z,[Run Sarura Run! 1기 ED] 우리들의 페이지,https://www.youtube.com/watch?v=mR1uyl4jB10,KR,68.3,yes,45,20.11,Run Sarura Run! 1기 ED,우리들의 페이지,,summer_heat | run_dance_motion | self_denial_rationalization | tender_comfort | dark_cool,60d0b0bae3ca
YAGCE-qfok8,2025-09-06T17:14:03Z,[Run Sarura Run! 1기 OP] 티키타카! 케미 스파크!,https://www.youtube.com/watch?v=YAGCE-qfok8,KR,73.1,yes,59,13.44,Run Sarura Run! 1기 OP,티키타카! 케미 스파크!,,rain_city | self_denial_rationalization | tender_comfort | idol_pop_hook,ec6cc2d40a03
